z_world,n_eps,n_excluded,in_reach,candidates,joins,kept,painted_px,rej_same_cc,rej_tangent,rej_radial,rej_evidence,rej_score,rej_arc,rej_merger,rej_cross_sheet,rej_crossing,rej_occupied
12032,24,9,4,0,0,0,0,0,4,0,0,0,0,0,0,0,0
12033,20,7,2,0,0,0,0,1,1,0,0,0,0,0,0,0,0
12034,20,7,2,0,0,0,0,1,1,0,0,0,0,0,0,0,0
12035,22,8,2,1,1,0,0,0,1,0,0,0,0,0,0,0,0
12036,24,7,3,1,1,0,0,0,2,0,0,0,0,0,0,0,0
12037,18,6,1,0,0,0,0,0,1,0,0,0,0,0,0,0,0
12038,22,7,2,0,0,0,0,0,2,0,0,0,0,0,0,0,0
12039,24,8,4,0,0,0,0,0,4,0,0,0,0,0,0,0,0
12040,27,9,4,0,0,0,0,0,3,1,0,0,0,0,0,0,0
12041,25,10,5,1,1,0,0,0,3,1,0,0,0,0,0,0,0
12042,28,13,3,1,1,0,0,0,1,0,0,0,0,1,0,0,0
12043,25,11,4,2,2,0,0,0,1,0,0,0,0,1,0,0,0
12044,22,12,3,0,0,0,0,0,3,0,0,0,0,0,0,0,0
12045,22,11,3,0,0,0,0,0,3,0,0,0,0,0,0,0,0
12046,20,10,2,0,0,0,0,0,2,0,0,0,0,0,0,0,0
12047,17,12,0,0,0,0,0,0,0,0,0,0,0,0,0,0,0
12048,20,12,1,1,1,0,0,0,0,0,0,0,0,0,0,0,0
12049,19,12,2,1,1,0,0,0,1,0,0,0,0,0,0,0,0
12050,16,12,0,0,0,0,0,0,0,0,0,0,0,0,0,0,0
12051,15,11,0,0,0,0,0,0,0,0,0,0,0,0,0,0,0
12052,16,12,0,0,0,0,0,0,0,0,0,0,0,0,0,0,0
12053,16,12,1,0,0,0,0,0,1,0,0,0,0,0,0,0,0
12054,16,12,1,0,0,0,0,0,1,0,0,0,0,0,0,0,0
12055,16,12,1,0,0,0,0,0,1,0,0,0,0,0,0,0,0
12056,16,12,1,0,0,0,0,0,1,0,0,0,0,0,0,0,0
12057,14,13,0,0,0,0,0,0,0,0,0,0,0,0,0,0,0
12058,14,11,0,0,0,0,0,0,0,0,0,0,0,0,0,0,0
12059,15,13,0,0,0,0,0,0,0,0,0,0,0,0,0,0,0
12060,15,13,0,0,0,0,0,0,0,0,0,0,0,0,0,0,0
12061,14,14,0,0,0,0,0,0,0,0,0,0,0,0,0,0,0
12062,14,14,0,0,0,0,0,0,0,0,0,0,0,0,0,0,0
12063,14,14,0,0,0,0,0,0,0,0,0,0,0,0,0,0,0
12064,12,10,0,0,0,0,0,0,0,0,0,0,0,0,0,0,0
12065,12,11,0,0,0,0,0,0,0,0,0,0,0,0,0,0,0
12066,14,13,0,0,0,0,0,0,0,0,0,0,0,0,0,0,0
12067,14,14,0,0,0,0,0,0,0,0,0,0,0,0,0,0,0
12068,14,14,0,0,0,0,0,0,0,0,0,0,0,0,0,0,0
12069,14,14,0,0,0,0,0,0,0,0,0,0,0,0,0,0,0
12070,14,14,0,0,0,0,0,0,0,0,0,0,0,0,0,0,0
12071,14,14,0,0,0,0,0,0,0,0,0,0,0,0,0,0,0
12072,14,14,0,0,0,0,0,0,0,0,0,0,0,0,0,0,0
12073,14,14,0,0,0,0,0,0,0,0,0,0,0,0,0,0,0
12074,14,14,0,0,0,0,0,0,0,0,0,0,0,0,0,0,0
12075,14,14,0,0,0,0,0,0,0,0,0,0,0,0,0,0,0
12076,12,12,0,0,0,0,0,0,0,0,0,0,0,0,0,0,0
12077,12,12,0,0,0,0,0,0,0,0,0,0,0,0,0,0,0
12078,12,12,0,0,0,0,0,0,0,0,0,0,0,0,0,0,0
12079,12,12,0,0,0,0,0,0,0,0,0,0,0,0,0,0,0
12080,12,12,0,0,0,0,0,0,0,0,0,0,0,0,0,0,0
12081,12,12,0,0,0,0,0,0,0,0,0,0,0,0,0,0,0
12082,12,12,0,0,0,0,0,0,0,0,0,0,0,0,0,0,0
12083,12,12,0,0,0,0,0,0,0,0,0,0,0,0,0,0,0
12084,12,12,0,0,0,0,0,0,0,0,0,0,0,0,0,0,0
12085,10,10,0,0,0,0,0,0,0,0,0,0,0,0,0,0,0
12086,10,10,0,0,0,0,0,0,0,0,0,0,0,0,0,0,0
12087,10,10,0,0,0,0,0,0,0,0,0,0,0,0,0,0,0
12088,10,10,0,0,0,0,0,0,0,0,0,0,0,0,0,0,0
12089,10,10,0,0,0,0,0,0,0,0,0,0,0,0,0,0,0
12090,10,10,0,0,0,0,0,0,0,0,0,0,0,0,0,0,0
12091,10,10,0,0,0,0,0,0,0,0,0,0,0,0,0,0,0
12092,10,10,0,0,0,0,0,0,0,0,0,0,0,0,0,0,0
12093,10,10,0,0,0,0,0,0,0,0,0,0,0,0,0,0,0
12094,12,12,0,0,0,0,0,0,0,0,0,0,0,0,0,0,0
12095,12,12,0,0,0,0,0,0,0,0,0,0,0,0,0,0,0
12096,12,12,0,0,0,0,0,0,0,0,0,0,0,0,0,0,0
12097,12,12,0,0,0,0,0,0,0,0,0,0,0,0,0,0,0
12098,12,12,0,0,0,0,0,0,0,0,0,0,0,0,0,0,0
12099,12,12,0,0,0,0,0,0,0,0,0,0,0,0,0,0,0
12100,12,12,0,0,0,0,0,0,0,0,0,0,0,0,0,0,0
12101,12,12,0,0,0,0,0,0,0,0,0,0,0,0,0,0,0
12102,12,12,0,0,0,0,0,0,0,0,0,0,0,0,0,0,0
12103,12,12,0,0,0,0,0,0,0,0,0,0,0,0,0,0,0
12104,12,11,0,0,0,0,0,0,0,0,0,0,0,0,0,0,0
12105,10,9,0,0,0,0,0,0,0,0,0,0,0,0,0,0,0
12106,12,12,0,0,0,0,0,0,0,0,0,0,0,0,0,0,0
12107,12,12,0,0,0,0,0,0,0,0,0,0,0,0,0,0,0
12108,12,12,0,0,0,0,0,0,0,0,0,0,0,0,0,0,0
12109,12,12,0,0,0,0,0,0,0,0,0,0,0,0,0,0,0
12110,12,11,0,0,0,0,0,0,0,0,0,0,0,0,0,0,0
12111,12,11,0,0,0,0,0,0,0,0,0,0,0,0,0,0,0
12112,12,11,0,0,0,0,0,0,0,0,0,0,0,0,0,0,0
12113,12,11,0,0,0,0,0,0,0,0,0,0,0,0,0,0,0
12114,12,12,0,0,0,0,0,0,0,0,0,0,0,0,0,0,0
12115,12,11,0,0,0,0,0,0,0,0,0,0,0,0,0,0,0
12116,12,12,0,0,0,0,0,0,0,0,0,0,0,0,0,0,0
12117,12,12,0,0,0,0,0,0,0,0,0,0,0,0,0,0,0
12118,12,12,0,0,0,0,0,0,0,0,0,0,0,0,0,0,0
12119,14,13,0,0,0,0,0,0,0,0,0,0,0,0,0,0,0
12120,12,12,0,0,0,0,0,0,0,0,0,0,0,0,0,0,0
12121,12,12,0,0,0,0,0,0,0,0,0,0,0,0,0,0,0
12122,14,14,0,0,0,0,0,0,0,0,0,0,0,0,0,0,0
12123,14,14,0,0,0,0,0,0,0,0,0,0,0,0,0,0,0
12124,14,14,0,0,0,0,0,0,0,0,0,0,0,0,0,0,0
12125,14,14,0,0,0,0,0,0,0,0,0,0,0,0,0,0,0
12126,14,14,0,0,0,0,0,0,0,0,0,0,0,0,0,0,0
12127,14,14,0,0,0,0,0,0,0,0,0,0,0,0,0,0,0
12128,14,14,0,0,0,0,0,0,0,0,0,0,0,0,0,0,0
12129,12,12,0,0,0,0,0,0,0,0,0,0,0,0,0,0,0
12130,12,12,0,0,0,0,0,0,0,0,0,0,0,0,0,0,0
12131,12,12,0,0,0,0,0,0,0,0,0,0,0,0,0,0,0
12132,12,12,0,0,0,0,0,0,0,0,0,0,0,0,0,0,0
12133,12,12,0,0,0,0,0,0,0,0,0,0,0,0,0,0,0
12134,12,12,0,0,0,0,0,0,0,0,0,0,0,0,0,0,0
12135,12,12,0,0,0,0,0,0,0,0,0,0,0,0,0,0,0
12136,12,12,0,0,0,0,0,0,0,0,0,0,0,0,0,0,0
12137,12,12,0,0,0,0,0,0,0,0,0,0,0,0,0,0,0
12138,12,12,0,0,0,0,0,0,0,0,0,0,0,0,0,0,0
12139,12,12,0,0,0,0,0,0,0,0,0,0,0,0,0,0,0
12140,12,12,0,0,0,0,0,0,0,0,0,0,0,0,0,0,0
12141,12,12,0,0,0,0,0,0,0,0,0,0,0,0,0,0,0
12142,12,12,0,0,0,0,0,0,0,0,0,0,0,0,0,0,0
12143,12,12,0,0,0,0,0,0,0,0,0,0,0,0,0,0,0
12144,12,12,0,0,0,0,0,0,0,0,0,0,0,0,0,0,0
12145,12,12,0,0,0,0,0,0,0,0,0,0,0,0,0,0,0
12146,12,12,0,0,0,0,0,0,0,0,0,0,0,0,0,0,0
12147,12,12,0,0,0,0,0,0,0,0,0,0,0,0,0,0,0
12148,14,13,0,0,0,0,0,0,0,0,0,0,0,0,0,0,0
12149,14,14,0,0,0,0,0,0,0,0,0,0,0,0,0,0,0
12150,14,14,0,0,0,0,0,0,0,0,0,0,0,0,0,0,0
12151,14,14,0,0,0,0,0,0,0,0,0,0,0,0,0,0,0
12152,14,14,0,0,0,0,0,0,0,0,0,0,0,0,0,0,0
12153,14,14,0,0,0,0,0,0,0,0,0,0,0,0,0,0,0
12154,14,14,0,0,0,0,0,0,0,0,0,0,0,0,0,0,0
12155,12,12,0,0,0,0,0,0,0,0,0,0,0,0,0,0,0
12156,12,12,0,0,0,0,0,0,0,0,0,0,0,0,0,0,0
12157,12,12,0,0,0,0,0,0,0,0,0,0,0,0,0,0,0
12158,12,12,0,0,0,0,0,0,0,0,0,0,0,0,0,0,0
12159,12,12,0,0,0,0,0,0,0,0,0,0,0,0,0,0,0
12160,27,19,2,1,1,1,12,0,1,0,0,0,0,0,0,0,0
12161,25,20,3,2,2,1,16,0,1,0,0,0,0,0,0,0,0
12162,18,12,3,1,1,1,17,0,2,0,0,0,0,0,0,0,0
12163,17,12,3,1,1,1,22,0,2,0,0,0,0,0,0,0,0
12164,18,12,3,0,0,0,0,0,2,0,0,0,0,0,1,0,0
12165,18,12,2,0,0,0,0,0,1,0,0,0,0,0,1,0,0
12166,18,12,3,1,1,1,14,0,2,0,0,0,0,0,0,0,0
12167,22,14,4,1,1,0,0,0,2,0,0,0,0,0,1,0,0
12168,20,14,1,0,0,0,0,0,1,0,0,0,0,0,0,0,0
12169,20,14,0,0,0,0,0,0,0,0,0,0,0,0,0,0,0
12170,20,15,1,0,0,0,0,0,1,0,0,0,0,0,0,0,0
12171,22,14,2,1,1,0,0,0,1,0,0,0,0,0,0,0,0
12172,22,16,1,0,0,0,0,0,1,0,0,0,0,0,0,0,0
12173,24,18,0,0,0,0,0,0,0,0,0,0,0,0,0,0,0
12174,22,15,1,0,0,0,0,0,1,0,0,0,0,0,0,0,0
12175,24,17,1,0,0,0,0,0,1,0,0,0,0,0,0,0,0
12176,20,13,1,0,0,0,0,0,1,0,0,0,0,0,0,0,0
12177,20,13,1,0,0,0,0,0,1,0,0,0,0,0,0,0,0
12178,24,15,1,0,0,0,0,0,1,0,0,0,0,0,0,0,0
12179,26,17,1,0,0,0,0,0,1,0,0,0,0,0,0,0,0
12180,25,15,1,0,0,0,0,0,1,0,0,0,0,0,0,0,0
12181,21,11,0,0,0,0,0,0,0,0,0,0,0,0,0,0,0
12182,22,11,0,0,0,0,0,0,0,0,0,0,0,0,0,0,0
12183,24,15,1,0,0,0,0,0,1,0,0,0,0,0,0,0,0
12184,27,15,2,0,0,0,0,0,2,0,0,0,0,0,0,0,0
12185,24,16,0,0,0,0,0,0,0,0,0,0,0,0,0,0,0
12186,24,18,0,0,0,0,0,0,0,0,0,0,0,0,0,0,0
12187,23,17,0,0,0,0,0,0,0,0,0,0,0,0,0,0,0
12188,25,19,0,0,0,0,0,0,0,0,0,0,0,0,0,0,0
12189,24,14,1,0,0,0,0,1,0,0,0,0,0,0,0,0,0
12190,24,15,3,1,1,0,0,0,2,0,0,0,0,0,0,0,0
12191,27,16,4,1,1,0,0,0,2,1,0,0,0,0,0,0,0
12192,22,14,1,0,0,0,0,0,1,0,0,0,0,0,0,0,0
12193,19,12,1,0,0,0,0,0,1,0,0,0,0,0,0,0,0
12194,21,14,1,0,0,0,0,0,1,0,0,0,0,0,0,0,0
12195,18,13,1,0,0,0,0,0,1,0,0,0,0,0,0,0,0
12196,24,15,2,0,0,0,0,0,2,0,0,0,0,0,0,0,0
12197,19,17,0,0,0,0,0,0,0,0,0,0,0,0,0,0,0
12198,22,18,0,0,0,0,0,0,0,0,0,0,0,0,0,0,0
12199,23,17,0,0,0,0,0,0,0,0,0,0,0,0,0,0,0
12200,24,18,0,0,0,0,0,0,0,0,0,0,0,0,0,0,0
12201,19,14,1,0,0,0,0,0,0,1,0,0,0,0,0,0,0
12202,22,16,0,0,0,0,0,0,0,0,0,0,0,0,0,0,0
12203,24,19,1,1,1,0,0,0,0,0,0,0,0,0,0,0,0
12204,30,20,3,1,1,0,0,0,1,1,0,0,0,0,0,0,0
12205,21,17,0,0,0,0,0,0,0,0,0,0,0,0,0,0,0
12206,24,18,1,0,0,0,0,0,0,0,0,0,0,0,1,0,0
12207,30,20,0,0,0,0,0,0,0,0,0,0,0,0,0,0,0
12208,33,20,3,0,0,0,0,3,0,0,0,0,0,0,0,0,0
12209,30,19,1,0,0,0,0,0,1,0,0,0,0,0,0,0,0
12210,29,17,1,0,0,0,0,0,0,1,0,0,0,0,0,0,0
12211,29,14,1,1,1,0,0,0,0,0,0,0,0,0,0,0,0
12212,31,17,1,0,0,0,0,0,1,0,0,0,0,0,0,0,0
12213,27,18,1,0,0,0,0,0,1,0,0,0,0,0,0,0,0
12214,31,23,0,0,0,0,0,0,0,0,0,0,0,0,0,0,0
12215,29,18,1,1,1,0,0,0,0,0,0,0,0,0,0,0,0
12216,31,15,4,2,2,0,0,1,1,0,0,0,0,0,0,0,0
12217,25,13,2,0,0,0,0,1,1,0,0,0,0,0,0,0,0
12218,23,14,0,0,0,0,0,0,0,0,0,0,0,0,0,0,0
12219,26,16,2,0,0,0,0,0,1,0,0,0,0,1,0,0,0
12220,24,18,0,0,0,0,0,0,0,0,0,0,0,0,0,0,0
12221,22,17,0,0,0,0,0,0,0,0,0,0,0,0,0,0,0
12222,20,14,0,0,0,0,0,0,0,0,0,0,0,0,0,0,0
12223,23,14,1,0,0,0,0,1,0,0,0,0,0,0,0,0,0
12224,27,15,4,1,1,0,0,0,2,1,0,0,0,0,0,0,0
12225,23,16,0,0,0,0,0,0,0,0,0,0,0,0,0,0,0
12226,22,14,1,1,1,0,0,0,0,0,0,0,0,0,0,0,0
12227,24,16,1,0,0,0,0,0,0,1,0,0,0,0,0,0,0
12228,19,15,0,0,0,0,0,0,0,0,0,0,0,0,0,0,0
12229,22,18,1,0,0,0,0,0,1,0,0,0,0,0,0,0,0
12230,18,16,0,0,0,0,0,0,0,0,0,0,0,0,0,0,0
12231,19,18,0,0,0,0,0,0,0,0,0,0,0,0,0,0,0
12232,19,16,0,0,0,0,0,0,0,0,0,0,0,0,0,0,0
12233,18,12,0,0,0,0,0,0,0,0,0,0,0,0,0,0,0
12234,20,14,0,0,0,0,0,0,0,0,0,0,0,0,0,0,0
12235,19,13,0,0,0,0,0,0,0,0,0,0,0,0,0,0,0
12236,18,13,0,0,0,0,0,0,0,0,0,0,0,0,0,0,0
12237,20,15,0,0,0,0,0,0,0,0,0,0,0,0,0,0,0
12238,19,14,0,0,0,0,0,0,0,0,0,0,0,0,0,0,0
12239,19,12,0,0,0,0,0,0,0,0,0,0,0,0,0,0,0
12240,21,16,1,0,0,0,0,1,0,0,0,0,0,0,0,0,0
12241,23,16,2,0,0,0,0,1,1,0,0,0,0,0,0,0,0
12242,20,14,0,0,0,0,0,0,0,0,0,0,0,0,0,0,0
12243,16,10,0,0,0,0,0,0,0,0,0,0,0,0,0,0,0
12244,15,11,0,0,0,0,0,0,0,0,0,0,0,0,0,0,0
12245,14,10,0,0,0,0,0,0,0,0,0,0,0,0,0,0,0
12246,15,11,0,0,0,0,0,0,0,0,0,0,0,0,0,0,0
12247,14,8,0,0,0,0,0,0,0,0,0,0,0,0,0,0,0
12248,21,13,0,0,0,0,0,0,0,0,0,0,0,0,0,0,0
12249,21,12,0,0,0,0,0,0,0,0,0,0,0,0,0,0,0
12250,25,15,0,0,0,0,0,0,0,0,0,0,0,0,0,0,0
12251,28,16,0,0,0,0,0,0,0,0,0,0,0,0,0,0,0
12252,26,15,2,0,0,0,0,2,0,0,0,0,0,0,0,0,0
12253,30,19,1,0,0,0,0,1,0,0,0,0,0,0,0,0,0
12254,32,18,1,1,1,0,0,0,0,0,0,0,0,0,0,0,0
12255,26,16,1,0,0,0,0,1,0,0,0,0,0,0,0,0,0
12256,22,14,0,0,0,0,0,0,0,0,0,0,0,0,0,0,0
12257,21,14,0,0,0,0,0,0,0,0,0,0,0,0,0,0,0
12258,23,12,0,0,0,0,0,0,0,0,0,0,0,0,0,0,0
12259,22,11,1,0,0,0,0,1,0,0,0,0,0,0,0,0,0
12260,22,12,0,0,0,0,0,0,0,0,0,0,0,0,0,0,0
12261,26,13,1,0,0,0,0,0,1,0,0,0,0,0,0,0,0
12262,22,12,1,0,0,0,0,1,0,0,0,0,0,0,0,0,0
12263,20,9,2,1,1,0,0,1,0,0,0,0,0,0,0,0,0
12264,23,13,0,0,0,0,0,0,0,0,0,0,0,0,0,0,0
12265,20,12,0,0,0,0,0,0,0,0,0,0,0,0,0,0,0
12266,24,14,2,0,0,0,0,0,2,0,0,0,0,0,0,0,0
12267,25,12,4,0,0,0,0,2,2,0,0,0,0,0,0,0,0
12268,23,12,1,0,0,0,0,1,0,0,0,0,0,0,0,0,0
12269,22,13,1,1,1,0,0,0,0,0,0,0,0,0,0,0,0
12270,16,12,0,0,0,0,0,0,0,0,0,0,0,0,0,0,0
12271,18,11,1,0,0,0,0,1,0,0,0,0,0,0,0,0,0
12272,18,9,1,0,0,0,0,1,0,0,0,0,0,0,0,0,0
12273,20,12,0,0,0,0,0,0,0,0,0,0,0,0,0,0,0
12274,18,10,1,0,0,0,0,0,1,0,0,0,0,0,0,0,0
12275,16,10,0,0,0,0,0,0,0,0,0,0,0,0,0,0,0
12276,16,9,0,0,0,0,0,0,0,0,0,0,0,0,0,0,0
12277,16,9,0,0,0,0,0,0,0,0,0,0,0,0,0,0,0
12278,18,10,0,0,0,0,0,0,0,0,0,0,0,0,0,0,0
12279,18,11,0,0,0,0,0,0,0,0,0,0,0,0,0,0,0
12280,18,11,0,0,0,0,0,0,0,0,0,0,0,0,0,0,0
12281,18,9,1,0,0,0,0,0,1,0,0,0,0,0,0,0,0
12282,20,10,1,0,0,0,0,0,1,0,0,0,0,0,0,0,0
12283,16,8,0,0,0,0,0,0,0,0,0,0,0,0,0,0,0
12284,16,8,0,0,0,0,0,0,0,0,0,0,0,0,0,0,0
12285,16,9,0,0,0,0,0,0,0,0,0,0,0,0,0,0,0
12286,14,7,0,0,0,0,0,0,0,0,0,0,0,0,0,0,0
12287,14,8,0,0,0,0,0,0,0,0,0,0,0,0,0,0,0
12288,0,0,0,0,0,0,0,0,0,0,0,0,0,0,0,0,0
12289,0,0,0,0,0,0,0,0,0,0,0,0,0,0,0,0,0
12290,0,0,0,0,0,0,0,0,0,0,0,0,0,0,0,0,0
12291,0,0,0,0,0,0,0,0,0,0,0,0,0,0,0,0,0
12292,0,0,0,0,0,0,0,0,0,0,0,0,0,0,0,0,0
12293,0,0,0,0,0,0,0,0,0,0,0,0,0,0,0,0,0
12294,0,0,0,0,0,0,0,0,0,0,0,0,0,0,0,0,0
12295,0,0,0,0,0,0,0,0,0,0,0,0,0,0,0,0,0
12296,0,0,0,0,0,0,0,0,0,0,0,0,0,0,0,0,0
12297,0,0,0,0,0,0,0,0,0,0,0,0,0,0,0,0,0
12298,0,0,0,0,0,0,0,0,0,0,0,0,0,0,0,0,0
12299,0,0,0,0,0,0,0,0,0,0,0,0,0,0,0,0,0
12300,0,0,0,0,0,0,0,0,0,0,0,0,0,0,0,0,0
12301,0,0,0,0,0,0,0,0,0,0,0,0,0,0,0,0,0
12302,0,0,0,0,0,0,0,0,0,0,0,0,0,0,0,0,0
12303,0,0,0,0,0,0,0,0,0,0,0,0,0,0,0,0,0
12304,0,0,0,0,0,0,0,0,0,0,0,0,0,0,0,0,0
12305,0,0,0,0,0,0,0,0,0,0,0,0,0,0,0,0,0
12306,0,0,0,0,0,0,0,0,0,0,0,0,0,0,0,0,0
12307,0,0,0,0,0,0,0,0,0,0,0,0,0,0,0,0,0
12308,0,0,0,0,0,0,0,0,0,0,0,0,0,0,0,0,0
12309,0,0,0,0,0,0,0,0,0,0,0,0,0,0,0,0,0
12310,0,0,0,0,0,0,0,0,0,0,0,0,0,0,0,0,0
12311,0,0,0,0,0,0,0,0,0,0,0,0,0,0,0,0,0
12312,0,0,0,0,0,0,0,0,0,0,0,0,0,0,0,0,0
12313,0,0,0,0,0,0,0,0,0,0,0,0,0,0,0,0,0
12314,0,0,0,0,0,0,0,0,0,0,0,0,0,0,0,0,0
12315,0,0,0,0,0,0,0,0,0,0,0,0,0,0,0,0,0
12316,0,0,0,0,0,0,0,0,0,0,0,0,0,0,0,0,0
12317,0,0,0,0,0,0,0,0,0,0,0,0,0,0,0,0,0
12318,0,0,0,0,0,0,0,0,0,0,0,0,0,0,0,0,0
12319,0,0,0,0,0,0,0,0,0,0,0,0,0,0,0,0,0
12320,0,0,0,0,0,0,0,0,0,0,0,0,0,0,0,0,0
12321,0,0,0,0,0,0,0,0,0,0,0,0,0,0,0,0,0
12322,0,0,0,0,0,0,0,0,0,0,0,0,0,0,0,0,0
12323,0,0,0,0,0,0,0,0,0,0,0,0,0,0,0,0,0
12324,0,0,0,0,0,0,0,0,0,0,0,0,0,0,0,0,0
12325,0,0,0,0,0,0,0,0,0,0,0,0,0,0,0,0,0
12326,0,0,0,0,0,0,0,0,0,0,0,0,0,0,0,0,0
12327,0,0,0,0,0,0,0,0,0,0,0,0,0,0,0,0,0
12328,0,0,0,0,0,0,0,0,0,0,0,0,0,0,0,0,0
12329,0,0,0,0,0,0,0,0,0,0,0,0,0,0,0,0,0
12330,0,0,0,0,0,0,0,0,0,0,0,0,0,0,0,0,0
12331,0,0,0,0,0,0,0,0,0,0,0,0,0,0,0,0,0
12332,0,0,0,0,0,0,0,0,0,0,0,0,0,0,0,0,0
12333,0,0,0,0,0,0,0,0,0,0,0,0,0,0,0,0,0
12334,0,0,0,0,0,0,0,0,0,0,0,0,0,0,0,0,0
12335,0,0,0,0,0,0,0,0,0,0,0,0,0,0,0,0,0
12336,0,0,0,0,0,0,0,0,0,0,0,0,0,0,0,0,0
12337,0,0,0,0,0,0,0,0,0,0,0,0,0,0,0,0,0
12338,0,0,0,0,0,0,0,0,0,0,0,0,0,0,0,0,0
12339,0,0,0,0,0,0,0,0,0,0,0,0,0,0,0,0,0
12340,0,0,0,0,0,0,0,0,0,0,0,0,0,0,0,0,0
12341,0,0,0,0,0,0,0,0,0,0,0,0,0,0,0,0,0
12342,0,0,0,0,0,0,0,0,0,0,0,0,0,0,0,0,0
12343,0,0,0,0,0,0,0,0,0,0,0,0,0,0,0,0,0
12344,0,0,0,0,0,0,0,0,0,0,0,0,0,0,0,0,0
12345,0,0,0,0,0,0,0,0,0,0,0,0,0,0,0,0,0
12346,0,0,0,0,0,0,0,0,0,0,0,0,0,0,0,0,0
12347,0,0,0,0,0,0,0,0,0,0,0,0,0,0,0,0,0
12348,0,0,0,0,0,0,0,0,0,0,0,0,0,0,0,0,0
12349,0,0,0,0,0,0,0,0,0,0,0,0,0,0,0,0,0
12350,0,0,0,0,0,0,0,0,0,0,0,0,0,0,0,0,0
12351,0,0,0,0,0,0,0,0,0,0,0,0,0,0,0,0,0
12352,0,0,0,0,0,0,0,0,0,0,0,0,0,0,0,0,0
12353,0,0,0,0,0,0,0,0,0,0,0,0,0,0,0,0,0
12354,0,0,0,0,0,0,0,0,0,0,0,0,0,0,0,0,0
12355,0,0,0,0,0,0,0,0,0,0,0,0,0,0,0,0,0
12356,0,0,0,0,0,0,0,0,0,0,0,0,0,0,0,0,0
12357,0,0,0,0,0,0,0,0,0,0,0,0,0,0,0,0,0
12358,0,0,0,0,0,0,0,0,0,0,0,0,0,0,0,0,0
12359,0,0,0,0,0,0,0,0,0,0,0,0,0,0,0,0,0
12360,0,0,0,0,0,0,0,0,0,0,0,0,0,0,0,0,0
12361,0,0,0,0,0,0,0,0,0,0,0,0,0,0,0,0,0
12362,0,0,0,0,0,0,0,0,0,0,0,0,0,0,0,0,0
12363,0,0,0,0,0,0,0,0,0,0,0,0,0,0,0,0,0
12364,0,0,0,0,0,0,0,0,0,0,0,0,0,0,0,0,0
12365,0,0,0,0,0,0,0,0,0,0,0,0,0,0,0,0,0
12366,0,0,0,0,0,0,0,0,0,0,0,0,0,0,0,0,0
12367,0,0,0,0,0,0,0,0,0,0,0,0,0,0,0,0,0
12368,0,0,0,0,0,0,0,0,0,0,0,0,0,0,0,0,0
12369,0,0,0,0,0,0,0,0,0,0,0,0,0,0,0,0,0
12370,0,0,0,0,0,0,0,0,0,0,0,0,0,0,0,0,0
12371,0,0,0,0,0,0,0,0,0,0,0,0,0,0,0,0,0
12372,0,0,0,0,0,0,0,0,0,0,0,0,0,0,0,0,0
12373,0,0,0,0,0,0,0,0,0,0,0,0,0,0,0,0,0
12374,0,0,0,0,0,0,0,0,0,0,0,0,0,0,0,0,0
12375,0,0,0,0,0,0,0,0,0,0,0,0,0,0,0,0,0
12376,0,0,0,0,0,0,0,0,0,0,0,0,0,0,0,0,0
12377,0,0,0,0,0,0,0,0,0,0,0,0,0,0,0,0,0
12378,0,0,0,0,0,0,0,0,0,0,0,0,0,0,0,0,0
12379,0,0,0,0,0,0,0,0,0,0,0,0,0,0,0,0,0
12380,0,0,0,0,0,0,0,0,0,0,0,0,0,0,0,0,0
12381,0,0,0,0,0,0,0,0,0,0,0,0,0,0,0,0,0
12382,0,0,0,0,0,0,0,0,0,0,0,0,0,0,0,0,0
12383,0,0,0,0,0,0,0,0,0,0,0,0,0,0,0,0,0
12384,0,0,0,0,0,0,0,0,0,0,0,0,0,0,0,0,0
12385,0,0,0,0,0,0,0,0,0,0,0,0,0,0,0,0,0
12386,0,0,0,0,0,0,0,0,0,0,0,0,0,0,0,0,0
12387,0,0,0,0,0,0,0,0,0,0,0,0,0,0,0,0,0
12388,0,0,0,0,0,0,0,0,0,0,0,0,0,0,0,0,0
12389,0,0,0,0,0,0,0,0,0,0,0,0,0,0,0,0,0
12390,0,0,0,0,0,0,0,0,0,0,0,0,0,0,0,0,0
12391,0,0,0,0,0,0,0,0,0,0,0,0,0,0,0,0,0
12392,0,0,0,0,0,0,0,0,0,0,0,0,0,0,0,0,0
12393,0,0,0,0,0,0,0,0,0,0,0,0,0,0,0,0,0
12394,0,0,0,0,0,0,0,0,0,0,0,0,0,0,0,0,0
12395,0,0,0,0,0,0,0,0,0,0,0,0,0,0,0,0,0
12396,0,0,0,0,0,0,0,0,0,0,0,0,0,0,0,0,0
12397,0,0,0,0,0,0,0,0,0,0,0,0,0,0,0,0,0
12398,0,0,0,0,0,0,0,0,0,0,0,0,0,0,0,0,0
12399,0,0,0,0,0,0,0,0,0,0,0,0,0,0,0,0,0
12400,0,0,0,0,0,0,0,0,0,0,0,0,0,0,0,0,0
12401,0,0,0,0,0,0,0,0,0,0,0,0,0,0,0,0,0
12402,0,0,0,0,0,0,0,0,0,0,0,0,0,0,0,0,0
12403,0,0,0,0,0,0,0,0,0,0,0,0,0,0,0,0,0
12404,0,0,0,0,0,0,0,0,0,0,0,0,0,0,0,0,0
12405,0,0,0,0,0,0,0,0,0,0,0,0,0,0,0,0,0
12406,0,0,0,0,0,0,0,0,0,0,0,0,0,0,0,0,0
12407,0,0,0,0,0,0,0,0,0,0,0,0,0,0,0,0,0
12408,0,0,0,0,0,0,0,0,0,0,0,0,0,0,0,0,0
12409,0,0,0,0,0,0,0,0,0,0,0,0,0,0,0,0,0
12410,0,0,0,0,0,0,0,0,0,0,0,0,0,0,0,0,0
12411,0,0,0,0,0,0,0,0,0,0,0,0,0,0,0,0,0
12412,0,0,0,0,0,0,0,0,0,0,0,0,0,0,0,0,0
12413,0,0,0,0,0,0,0,0,0,0,0,0,0,0,0,0,0
12414,0,0,0,0,0,0,0,0,0,0,0,0,0,0,0,0,0
12415,0,0,0,0,0,0,0,0,0,0,0,0,0,0,0,0,0
12416,0,0,0,0,0,0,0,0,0,0,0,0,0,0,0,0,0
12417,0,0,0,0,0,0,0,0,0,0,0,0,0,0,0,0,0
12418,0,0,0,0,0,0,0,0,0,0,0,0,0,0,0,0,0
12419,0,0,0,0,0,0,0,0,0,0,0,0,0,0,0,0,0
12420,0,0,0,0,0,0,0,0,0,0,0,0,0,0,0,0,0
12421,0,0,0,0,0,0,0,0,0,0,0,0,0,0,0,0,0
12422,0,0,0,0,0,0,0,0,0,0,0,0,0,0,0,0,0
12423,0,0,0,0,0,0,0,0,0,0,0,0,0,0,0,0,0
12424,0,0,0,0,0,0,0,0,0,0,0,0,0,0,0,0,0
12425,0,0,0,0,0,0,0,0,0,0,0,0,0,0,0,0,0
12426,0,0,0,0,0,0,0,0,0,0,0,0,0,0,0,0,0
12427,0,0,0,0,0,0,0,0,0,0,0,0,0,0,0,0,0
12428,0,0,0,0,0,0,0,0,0,0,0,0,0,0,0,0,0
12429,0,0,0,0,0,0,0,0,0,0,0,0,0,0,0,0,0
12430,0,0,0,0,0,0,0,0,0,0,0,0,0,0,0,0,0
12431,0,0,0,0,0,0,0,0,0,0,0,0,0,0,0,0,0
12432,0,0,0,0,0,0,0,0,0,0,0,0,0,0,0,0,0
12433,0,0,0,0,0,0,0,0,0,0,0,0,0,0,0,0,0
12434,0,0,0,0,0,0,0,0,0,0,0,0,0,0,0,0,0
12435,0,0,0,0,0,0,0,0,0,0,0,0,0,0,0,0,0
12436,0,0,0,0,0,0,0,0,0,0,0,0,0,0,0,0,0
12437,0,0,0,0,0,0,0,0,0,0,0,0,0,0,0,0,0
12438,0,0,0,0,0,0,0,0,0,0,0,0,0,0,0,0,0
12439,0,0,0,0,0,0,0,0,0,0,0,0,0,0,0,0,0
12440,0,0,0,0,0,0,0,0,0,0,0,0,0,0,0,0,0
12441,0,0,0,0,0,0,0,0,0,0,0,0,0,0,0,0,0
12442,0,0,0,0,0,0,0,0,0,0,0,0,0,0,0,0,0
12443,0,0,0,0,0,0,0,0,0,0,0,0,0,0,0,0,0
12444,0,0,0,0,0,0,0,0,0,0,0,0,0,0,0,0,0
12445,0,0,0,0,0,0,0,0,0,0,0,0,0,0,0,0,0
12446,0,0,0,0,0,0,0,0,0,0,0,0,0,0,0,0,0
12447,0,0,0,0,0,0,0,0,0,0,0,0,0,0,0,0,0
12448,0,0,0,0,0,0,0,0,0,0,0,0,0,0,0,0,0
12449,0,0,0,0,0,0,0,0,0,0,0,0,0,0,0,0,0
12450,0,0,0,0,0,0,0,0,0,0,0,0,0,0,0,0,0
12451,0,0,0,0,0,0,0,0,0,0,0,0,0,0,0,0,0
12452,0,0,0,0,0,0,0,0,0,0,0,0,0,0,0,0,0
12453,0,0,0,0,0,0,0,0,0,0,0,0,0,0,0,0,0
12454,0,0,0,0,0,0,0,0,0,0,0,0,0,0,0,0,0
12455,0,0,0,0,0,0,0,0,0,0,0,0,0,0,0,0,0
12456,0,0,0,0,0,0,0,0,0,0,0,0,0,0,0,0,0
12457,0,0,0,0,0,0,0,0,0,0,0,0,0,0,0,0,0
12458,0,0,0,0,0,0,0,0,0,0,0,0,0,0,0,0,0
12459,0,0,0,0,0,0,0,0,0,0,0,0,0,0,0,0,0
12460,0,0,0,0,0,0,0,0,0,0,0,0,0,0,0,0,0
12461,0,0,0,0,0,0,0,0,0,0,0,0,0,0,0,0,0
12462,0,0,0,0,0,0,0,0,0,0,0,0,0,0,0,0,0
12463,0,0,0,0,0,0,0,0,0,0,0,0,0,0,0,0,0
12464,0,0,0,0,0,0,0,0,0,0,0,0,0,0,0,0,0
12465,0,0,0,0,0,0,0,0,0,0,0,0,0,0,0,0,0
12466,0,0,0,0,0,0,0,0,0,0,0,0,0,0,0,0,0
12467,0,0,0,0,0,0,0,0,0,0,0,0,0,0,0,0,0
12468,0,0,0,0,0,0,0,0,0,0,0,0,0,0,0,0,0
12469,0,0,0,0,0,0,0,0,0,0,0,0,0,0,0,0,0
12470,0,0,0,0,0,0,0,0,0,0,0,0,0,0,0,0,0
12471,0,0,0,0,0,0,0,0,0,0,0,0,0,0,0,0,0
12472,0,0,0,0,0,0,0,0,0,0,0,0,0,0,0,0,0
12473,0,0,0,0,0,0,0,0,0,0,0,0,0,0,0,0,0
12474,0,0,0,0,0,0,0,0,0,0,0,0,0,0,0,0,0
12475,0,0,0,0,0,0,0,0,0,0,0,0,0,0,0,0,0
12476,0,0,0,0,0,0,0,0,0,0,0,0,0,0,0,0,0
12477,0,0,0,0,0,0,0,0,0,0,0,0,0,0,0,0,0
12478,0,0,0,0,0,0,0,0,0,0,0,0,0,0,0,0,0
12479,0,0,0,0,0,0,0,0,0,0,0,0,0,0,0,0,0
12480,0,0,0,0,0,0,0,0,0,0,0,0,0,0,0,0,0
12481,0,0,0,0,0,0,0,0,0,0,0,0,0,0,0,0,0
12482,0,0,0,0,0,0,0,0,0,0,0,0,0,0,0,0,0
12483,0,0,0,0,0,0,0,0,0,0,0,0,0,0,0,0,0
12484,0,0,0,0,0,0,0,0,0,0,0,0,0,0,0,0,0
12485,0,0,0,0,0,0,0,0,0,0,0,0,0,0,0,0,0
12486,0,0,0,0,0,0,0,0,0,0,0,0,0,0,0,0,0
12487,0,0,0,0,0,0,0,0,0,0,0,0,0,0,0,0,0
12488,0,0,0,0,0,0,0,0,0,0,0,0,0,0,0,0,0
12489,0,0,0,0,0,0,0,0,0,0,0,0,0,0,0,0,0
12490,0,0,0,0,0,0,0,0,0,0,0,0,0,0,0,0,0
12491,0,0,0,0,0,0,0,0,0,0,0,0,0,0,0,0,0
12492,0,0,0,0,0,0,0,0,0,0,0,0,0,0,0,0,0
12493,0,0,0,0,0,0,0,0,0,0,0,0,0,0,0,0,0
12494,0,0,0,0,0,0,0,0,0,0,0,0,0,0,0,0,0
12495,0,0,0,0,0,0,0,0,0,0,0,0,0,0,0,0,0
12496,0,0,0,0,0,0,0,0,0,0,0,0,0,0,0,0,0
12497,0,0,0,0,0,0,0,0,0,0,0,0,0,0,0,0,0
12498,0,0,0,0,0,0,0,0,0,0,0,0,0,0,0,0,0
12499,0,0,0,0,0,0,0,0,0,0,0,0,0,0,0,0,0
12500,0,0,0,0,0,0,0,0,0,0,0,0,0,0,0,0,0
12501,0,0,0,0,0,0,0,0,0,0,0,0,0,0,0,0,0
12502,0,0,0,0,0,0,0,0,0,0,0,0,0,0,0,0,0
12503,0,0,0,0,0,0,0,0,0,0,0,0,0,0,0,0,0
12504,0,0,0,0,0,0,0,0,0,0,0,0,0,0,0,0,0
12505,0,0,0,0,0,0,0,0,0,0,0,0,0,0,0,0,0
12506,0,0,0,0,0,0,0,0,0,0,0,0,0,0,0,0,0
12507,0,0,0,0,0,0,0,0,0,0,0,0,0,0,0,0,0
12508,0,0,0,0,0,0,0,0,0,0,0,0,0,0,0,0,0
12509,0,0,0,0,0,0,0,0,0,0,0,0,0,0,0,0,0
12510,0,0,0,0,0,0,0,0,0,0,0,0,0,0,0,0,0
12511,0,0,0,0,0,0,0,0,0,0,0,0,0,0,0,0,0
12512,0,0,0,0,0,0,0,0,0,0,0,0,0,0,0,0,0
12513,0,0,0,0,0,0,0,0,0,0,0,0,0,0,0,0,0
12514,0,0,0,0,0,0,0,0,0,0,0,0,0,0,0,0,0
12515,0,0,0,0,0,0,0,0,0,0,0,0,0,0,0,0,0
12516,0,0,0,0,0,0,0,0,0,0,0,0,0,0,0,0,0
12517,0,0,0,0,0,0,0,0,0,0,0,0,0,0,0,0,0
12518,0,0,0,0,0,0,0,0,0,0,0,0,0,0,0,0,0
12519,0,0,0,0,0,0,0,0,0,0,0,0,0,0,0,0,0
12520,0,0,0,0,0,0,0,0,0,0,0,0,0,0,0,0,0
12521,0,0,0,0,0,0,0,0,0,0,0,0,0,0,0,0,0
12522,0,0,0,0,0,0,0,0,0,0,0,0,0,0,0,0,0
12523,0,0,0,0,0,0,0,0,0,0,0,0,0,0,0,0,0
12524,0,0,0,0,0,0,0,0,0,0,0,0,0,0,0,0,0
12525,0,0,0,0,0,0,0,0,0,0,0,0,0,0,0,0,0
12526,0,0,0,0,0,0,0,0,0,0,0,0,0,0,0,0,0
12527,0,0,0,0,0,0,0,0,0,0,0,0,0,0,0,0,0
12528,0,0,0,0,0,0,0,0,0,0,0,0,0,0,0,0,0
12529,0,0,0,0,0,0,0,0,0,0,0,0,0,0,0,0,0
12530,0,0,0,0,0,0,0,0,0,0,0,0,0,0,0,0,0
12531,0,0,0,0,0,0,0,0,0,0,0,0,0,0,0,0,0
12532,0,0,0,0,0,0,0,0,0,0,0,0,0,0,0,0,0
12533,0,0,0,0,0,0,0,0,0,0,0,0,0,0,0,0,0
12534,0,0,0,0,0,0,0,0,0,0,0,0,0,0,0,0,0
12535,0,0,0,0,0,0,0,0,0,0,0,0,0,0,0,0,0
12536,0,0,0,0,0,0,0,0,0,0,0,0,0,0,0,0,0
12537,0,0,0,0,0,0,0,0,0,0,0,0,0,0,0,0,0
12538,0,0,0,0,0,0,0,0,0,0,0,0,0,0,0,0,0
12539,0,0,0,0,0,0,0,0,0,0,0,0,0,0,0,0,0
12540,0,0,0,0,0,0,0,0,0,0,0,0,0,0,0,0,0
12541,0,0,0,0,0,0,0,0,0,0,0,0,0,0,0,0,0
12542,0,0,0,0,0,0,0,0,0,0,0,0,0,0,0,0,0
12543,0,0,0,0,0,0,0,0,0,0,0,0,0,0,0,0,0
12544,12,10,0,0,0,0,0,0,0,0,0,0,0,0,0,0,0
12545,12,10,0,0,0,0,0,0,0,0,0,0,0,0,0,0,0
12546,12,10,0,0,0,0,0,0,0,0,0,0,0,0,0,0,0
12547,14,11,1,1,1,0,0,0,0,0,0,0,0,0,0,0,0
12548,12,10,0,0,0,0,0,0,0,0,0,0,0,0,0,0,0
12549,12,10,0,0,0,0,0,0,0,0,0,0,0,0,0,0,0
12550,12,10,0,0,0,0,0,0,0,0,0,0,0,0,0,0,0
12551,12,10,0,0,0,0,0,0,0,0,0,0,0,0,0,0,0
12552,12,10,0,0,0,0,0,0,0,0,0,0,0,0,0,0,0
12553,12,10,0,0,0,0,0,0,0,0,0,0,0,0,0,0,0
12554,12,10,0,0,0,0,0,0,0,0,0,0,0,0,0,0,0
12555,12,10,0,0,0,0,0,0,0,0,0,0,0,0,0,0,0
12556,12,11,0,0,0,0,0,0,0,0,0,0,0,0,0,0,0
12557,12,10,0,0,0,0,0,0,0,0,0,0,0,0,0,0,0
12558,12,10,0,0,0,0,0,0,0,0,0,0,0,0,0,0,0
12559,10,9,0,0,0,0,0,0,0,0,0,0,0,0,0,0,0
12560,10,9,0,0,0,0,0,0,0,0,0,0,0,0,0,0,0
12561,10,9,0,0,0,0,0,0,0,0,0,0,0,0,0,0,0
12562,10,10,0,0,0,0,0,0,0,0,0,0,0,0,0,0,0
12563,10,10,0,0,0,0,0,0,0,0,0,0,0,0,0,0,0
12564,10,10,0,0,0,0,0,0,0,0,0,0,0,0,0,0,0
12565,10,10,0,0,0,0,0,0,0,0,0,0,0,0,0,0,0
12566,11,9,0,0,0,0,0,0,0,0,0,0,0,0,0,0,0
12567,10,9,0,0,0,0,0,0,0,0,0,0,0,0,0,0,0
12568,10,9,0,0,0,0,0,0,0,0,0,0,0,0,0,0,0
12569,10,9,0,0,0,0,0,0,0,0,0,0,0,0,0,0,0
12570,10,9,0,0,0,0,0,0,0,0,0,0,0,0,0,0,0
12571,10,9,0,0,0,0,0,0,0,0,0,0,0,0,0,0,0
12572,10,9,0,0,0,0,0,0,0,0,0,0,0,0,0,0,0
12573,10,10,0,0,0,0,0,0,0,0,0,0,0,0,0,0,0
12574,10,10,0,0,0,0,0,0,0,0,0,0,0,0,0,0,0
12575,10,10,0,0,0,0,0,0,0,0,0,0,0,0,0,0,0
12576,10,10,0,0,0,0,0,0,0,0,0,0,0,0,0,0,0
12577,10,10,0,0,0,0,0,0,0,0,0,0,0,0,0,0,0
12578,10,10,0,0,0,0,0,0,0,0,0,0,0,0,0,0,0
12579,10,10,0,0,0,0,0,0,0,0,0,0,0,0,0,0,0
12580,10,10,0,0,0,0,0,0,0,0,0,0,0,0,0,0,0
12581,10,10,0,0,0,0,0,0,0,0,0,0,0,0,0,0,0
12582,10,10,0,0,0,0,0,0,0,0,0,0,0,0,0,0,0
12583,10,10,0,0,0,0,0,0,0,0,0,0,0,0,0,0,0
12584,10,10,0,0,0,0,0,0,0,0,0,0,0,0,0,0,0
12585,10,10,0,0,0,0,0,0,0,0,0,0,0,0,0,0,0
12586,12,12,0,0,0,0,0,0,0,0,0,0,0,0,0,0,0
12587,12,12,0,0,0,0,0,0,0,0,0,0,0,0,0,0,0
12588,12,12,0,0,0,0,0,0,0,0,0,0,0,0,0,0,0
12589,12,12,0,0,0,0,0,0,0,0,0,0,0,0,0,0,0
12590,10,10,0,0,0,0,0,0,0,0,0,0,0,0,0,0,0
12591,10,10,0,0,0,0,0,0,0,0,0,0,0,0,0,0,0
12592,10,10,0,0,0,0,0,0,0,0,0,0,0,0,0,0,0
12593,10,10,0,0,0,0,0,0,0,0,0,0,0,0,0,0,0
12594,10,10,0,0,0,0,0,0,0,0,0,0,0,0,0,0,0
12595,10,10,0,0,0,0,0,0,0,0,0,0,0,0,0,0,0
12596,10,10,0,0,0,0,0,0,0,0,0,0,0,0,0,0,0
12597,10,10,0,0,0,0,0,0,0,0,0,0,0,0,0,0,0
12598,10,10,0,0,0,0,0,0,0,0,0,0,0,0,0,0,0
12599,10,10,0,0,0,0,0,0,0,0,0,0,0,0,0,0,0
12600,10,10,0,0,0,0,0,0,0,0,0,0,0,0,0,0,0
12601,10,10,0,0,0,0,0,0,0,0,0,0,0,0,0,0,0
12602,10,10,0,0,0,0,0,0,0,0,0,0,0,0,0,0,0
12603,12,12,0,0,0,0,0,0,0,0,0,0,0,0,0,0,0
12604,12,12,0,0,0,0,0,0,0,0,0,0,0,0,0,0,0
12605,12,12,0,0,0,0,0,0,0,0,0,0,0,0,0,0,0
12606,12,12,0,0,0,0,0,0,0,0,0,0,0,0,0,0,0
12607,12,12,0,0,0,0,0,0,0,0,0,0,0,0,0,0,0
12608,12,12,0,0,0,0,0,0,0,0,0,0,0,0,0,0,0
12609,12,12,0,0,0,0,0,0,0,0,0,0,0,0,0,0,0
12610,12,12,0,0,0,0,0,0,0,0,0,0,0,0,0,0,0
12611,12,12,0,0,0,0,0,0,0,0,0,0,0,0,0,0,0
12612,12,12,0,0,0,0,0,0,0,0,0,0,0,0,0,0,0
12613,12,12,0,0,0,0,0,0,0,0,0,0,0,0,0,0,0
12614,12,12,0,0,0,0,0,0,0,0,0,0,0,0,0,0,0
12615,12,12,0,0,0,0,0,0,0,0,0,0,0,0,0,0,0
12616,12,12,0,0,0,0,0,0,0,0,0,0,0,0,0,0,0
12617,12,12,0,0,0,0,0,0,0,0,0,0,0,0,0,0,0
12618,12,12,0,0,0,0,0,0,0,0,0,0,0,0,0,0,0
12619,10,10,0,0,0,0,0,0,0,0,0,0,0,0,0,0,0
12620,10,10,0,0,0,0,0,0,0,0,0,0,0,0,0,0,0
12621,10,10,0,0,0,0,0,0,0,0,0,0,0,0,0,0,0
12622,10,10,0,0,0,0,0,0,0,0,0,0,0,0,0,0,0
12623,10,10,0,0,0,0,0,0,0,0,0,0,0,0,0,0,0
12624,10,10,0,0,0,0,0,0,0,0,0,0,0,0,0,0,0
12625,12,12,0,0,0,0,0,0,0,0,0,0,0,0,0,0,0
12626,12,12,0,0,0,0,0,0,0,0,0,0,0,0,0,0,0
12627,12,12,0,0,0,0,0,0,0,0,0,0,0,0,0,0,0
12628,12,12,0,0,0,0,0,0,0,0,0,0,0,0,0,0,0
12629,12,12,0,0,0,0,0,0,0,0,0,0,0,0,0,0,0
12630,12,12,0,0,0,0,0,0,0,0,0,0,0,0,0,0,0
12631,12,12,0,0,0,0,0,0,0,0,0,0,0,0,0,0,0
12632,12,12,0,0,0,0,0,0,0,0,0,0,0,0,0,0,0
12633,12,12,0,0,0,0,0,0,0,0,0,0,0,0,0,0,0
12634,12,12,0,0,0,0,0,0,0,0,0,0,0,0,0,0,0
12635,12,12,0,0,0,0,0,0,0,0,0,0,0,0,0,0,0
12636,12,12,0,0,0,0,0,0,0,0,0,0,0,0,0,0,0
12637,12,12,0,0,0,0,0,0,0,0,0,0,0,0,0,0,0
12638,12,12,0,0,0,0,0,0,0,0,0,0,0,0,0,0,0
12639,12,12,0,0,0,0,0,0,0,0,0,0,0,0,0,0,0
12640,12,12,0,0,0,0,0,0,0,0,0,0,0,0,0,0,0
12641,12,12,0,0,0,0,0,0,0,0,0,0,0,0,0,0,0
12642,12,12,0,0,0,0,0,0,0,0,0,0,0,0,0,0,0
12643,12,12,0,0,0,0,0,0,0,0,0,0,0,0,0,0,0
12644,12,12,0,0,0,0,0,0,0,0,0,0,0,0,0,0,0
12645,12,12,0,0,0,0,0,0,0,0,0,0,0,0,0,0,0
12646,12,12,0,0,0,0,0,0,0,0,0,0,0,0,0,0,0
12647,14,14,0,0,0,0,0,0,0,0,0,0,0,0,0,0,0
12648,14,14,0,0,0,0,0,0,0,0,0,0,0,0,0,0,0
12649,14,14,0,0,0,0,0,0,0,0,0,0,0,0,0,0,0
12650,14,14,0,0,0,0,0,0,0,0,0,0,0,0,0,0,0
12651,14,14,0,0,0,0,0,0,0,0,0,0,0,0,0,0,0
12652,14,14,0,0,0,0,0,0,0,0,0,0,0,0,0,0,0
12653,14,14,0,0,0,0,0,0,0,0,0,0,0,0,0,0,0
12654,14,14,0,0,0,0,0,0,0,0,0,0,0,0,0,0,0
12655,14,14,0,0,0,0,0,0,0,0,0,0,0,0,0,0,0
12656,14,14,0,0,0,0,0,0,0,0,0,0,0,0,0,0,0
12657,14,14,0,0,0,0,0,0,0,0,0,0,0,0,0,0,0
12658,14,14,0,0,0,0,0,0,0,0,0,0,0,0,0,0,0
12659,14,14,0,0,0,0,0,0,0,0,0,0,0,0,0,0,0
12660,14,14,0,0,0,0,0,0,0,0,0,0,0,0,0,0,0
12661,14,14,0,0,0,0,0,0,0,0,0,0,0,0,0,0,0
12662,12,12,0,0,0,0,0,0,0,0,0,0,0,0,0,0,0
12663,12,12,0,0,0,0,0,0,0,0,0,0,0,0,0,0,0
12664,12,12,0,0,0,0,0,0,0,0,0,0,0,0,0,0,0
12665,12,12,0,0,0,0,0,0,0,0,0,0,0,0,0,0,0
12666,12,12,0,0,0,0,0,0,0,0,0,0,0,0,0,0,0
12667,12,12,0,0,0,0,0,0,0,0,0,0,0,0,0,0,0
12668,12,12,0,0,0,0,0,0,0,0,0,0,0,0,0,0,0
12669,14,14,0,0,0,0,0,0,0,0,0,0,0,0,0,0,0
12670,14,14,0,0,0,0,0,0,0,0,0,0,0,0,0,0,0
12671,12,12,0,0,0,0,0,0,0,0,0,0,0,0,0,0,0
12672,0,0,0,0,0,0,0,0,0,0,0,0,0,0,0,0,0
12673,0,0,0,0,0,0,0,0,0,0,0,0,0,0,0,0,0
12674,0,0,0,0,0,0,0,0,0,0,0,0,0,0,0,0,0
12675,0,0,0,0,0,0,0,0,0,0,0,0,0,0,0,0,0
12676,0,0,0,0,0,0,0,0,0,0,0,0,0,0,0,0,0
12677,0,0,0,0,0,0,0,0,0,0,0,0,0,0,0,0,0
12678,0,0,0,0,0,0,0,0,0,0,0,0,0,0,0,0,0
12679,0,0,0,0,0,0,0,0,0,0,0,0,0,0,0,0,0
12680,0,0,0,0,0,0,0,0,0,0,0,0,0,0,0,0,0
12681,0,0,0,0,0,0,0,0,0,0,0,0,0,0,0,0,0
12682,0,0,0,0,0,0,0,0,0,0,0,0,0,0,0,0,0
12683,0,0,0,0,0,0,0,0,0,0,0,0,0,0,0,0,0
12684,0,0,0,0,0,0,0,0,0,0,0,0,0,0,0,0,0
12685,0,0,0,0,0,0,0,0,0,0,0,0,0,0,0,0,0
12686,0,0,0,0,0,0,0,0,0,0,0,0,0,0,0,0,0
12687,0,0,0,0,0,0,0,0,0,0,0,0,0,0,0,0,0
12688,0,0,0,0,0,0,0,0,0,0,0,0,0,0,0,0,0
12689,0,0,0,0,0,0,0,0,0,0,0,0,0,0,0,0,0
12690,0,0,0,0,0,0,0,0,0,0,0,0,0,0,0,0,0
12691,0,0,0,0,0,0,0,0,0,0,0,0,0,0,0,0,0
12692,0,0,0,0,0,0,0,0,0,0,0,0,0,0,0,0,0
12693,0,0,0,0,0,0,0,0,0,0,0,0,0,0,0,0,0
12694,0,0,0,0,0,0,0,0,0,0,0,0,0,0,0,0,0
12695,0,0,0,0,0,0,0,0,0,0,0,0,0,0,0,0,0
12696,0,0,0,0,0,0,0,0,0,0,0,0,0,0,0,0,0
12697,0,0,0,0,0,0,0,0,0,0,0,0,0,0,0,0,0
12698,0,0,0,0,0,0,0,0,0,0,0,0,0,0,0,0,0
12699,0,0,0,0,0,0,0,0,0,0,0,0,0,0,0,0,0
12700,0,0,0,0,0,0,0,0,0,0,0,0,0,0,0,0,0
12701,0,0,0,0,0,0,0,0,0,0,0,0,0,0,0,0,0
12702,0,0,0,0,0,0,0,0,0,0,0,0,0,0,0,0,0
12703,0,0,0,0,0,0,0,0,0,0,0,0,0,0,0,0,0
12704,0,0,0,0,0,0,0,0,0,0,0,0,0,0,0,0,0
12705,0,0,0,0,0,0,0,0,0,0,0,0,0,0,0,0,0
12706,0,0,0,0,0,0,0,0,0,0,0,0,0,0,0,0,0
12707,0,0,0,0,0,0,0,0,0,0,0,0,0,0,0,0,0
12708,0,0,0,0,0,0,0,0,0,0,0,0,0,0,0,0,0
12709,0,0,0,0,0,0,0,0,0,0,0,0,0,0,0,0,0
12710,0,0,0,0,0,0,0,0,0,0,0,0,0,0,0,0,0
12711,0,0,0,0,0,0,0,0,0,0,0,0,0,0,0,0,0
12712,0,0,0,0,0,0,0,0,0,0,0,0,0,0,0,0,0
12713,0,0,0,0,0,0,0,0,0,0,0,0,0,0,0,0,0
12714,0,0,0,0,0,0,0,0,0,0,0,0,0,0,0,0,0
12715,0,0,0,0,0,0,0,0,0,0,0,0,0,0,0,0,0
12716,0,0,0,0,0,0,0,0,0,0,0,0,0,0,0,0,0
12717,0,0,0,0,0,0,0,0,0,0,0,0,0,0,0,0,0
12718,0,0,0,0,0,0,0,0,0,0,0,0,0,0,0,0,0
12719,0,0,0,0,0,0,0,0,0,0,0,0,0,0,0,0,0
12720,0,0,0,0,0,0,0,0,0,0,0,0,0,0,0,0,0
12721,0,0,0,0,0,0,0,0,0,0,0,0,0,0,0,0,0
12722,0,0,0,0,0,0,0,0,0,0,0,0,0,0,0,0,0
12723,0,0,0,0,0,0,0,0,0,0,0,0,0,0,0,0,0
12724,0,0,0,0,0,0,0,0,0,0,0,0,0,0,0,0,0
12725,0,0,0,0,0,0,0,0,0,0,0,0,0,0,0,0,0
12726,0,0,0,0,0,0,0,0,0,0,0,0,0,0,0,0,0
12727,0,0,0,0,0,0,0,0,0,0,0,0,0,0,0,0,0
12728,0,0,0,0,0,0,0,0,0,0,0,0,0,0,0,0,0
12729,0,0,0,0,0,0,0,0,0,0,0,0,0,0,0,0,0
12730,0,0,0,0,0,0,0,0,0,0,0,0,0,0,0,0,0
12731,0,0,0,0,0,0,0,0,0,0,0,0,0,0,0,0,0
12732,0,0,0,0,0,0,0,0,0,0,0,0,0,0,0,0,0
12733,0,0,0,0,0,0,0,0,0,0,0,0,0,0,0,0,0
12734,0,0,0,0,0,0,0,0,0,0,0,0,0,0,0,0,0
12735,0,0,0,0,0,0,0,0,0,0,0,0,0,0,0,0,0
12736,0,0,0,0,0,0,0,0,0,0,0,0,0,0,0,0,0
12737,0,0,0,0,0,0,0,0,0,0,0,0,0,0,0,0,0
12738,0,0,0,0,0,0,0,0,0,0,0,0,0,0,0,0,0
12739,0,0,0,0,0,0,0,0,0,0,0,0,0,0,0,0,0
12740,0,0,0,0,0,0,0,0,0,0,0,0,0,0,0,0,0
12741,0,0,0,0,0,0,0,0,0,0,0,0,0,0,0,0,0
12742,0,0,0,0,0,0,0,0,0,0,0,0,0,0,0,0,0
12743,0,0,0,0,0,0,0,0,0,0,0,0,0,0,0,0,0
12744,0,0,0,0,0,0,0,0,0,0,0,0,0,0,0,0,0
12745,0,0,0,0,0,0,0,0,0,0,0,0,0,0,0,0,0
12746,0,0,0,0,0,0,0,0,0,0,0,0,0,0,0,0,0
12747,0,0,0,0,0,0,0,0,0,0,0,0,0,0,0,0,0
12748,0,0,0,0,0,0,0,0,0,0,0,0,0,0,0,0,0
12749,0,0,0,0,0,0,0,0,0,0,0,0,0,0,0,0,0
12750,0,0,0,0,0,0,0,0,0,0,0,0,0,0,0,0,0
12751,0,0,0,0,0,0,0,0,0,0,0,0,0,0,0,0,0
12752,0,0,0,0,0,0,0,0,0,0,0,0,0,0,0,0,0
12753,0,0,0,0,0,0,0,0,0,0,0,0,0,0,0,0,0
12754,0,0,0,0,0,0,0,0,0,0,0,0,0,0,0,0,0
12755,0,0,0,0,0,0,0,0,0,0,0,0,0,0,0,0,0
12756,0,0,0,0,0,0,0,0,0,0,0,0,0,0,0,0,0
12757,0,0,0,0,0,0,0,0,0,0,0,0,0,0,0,0,0
12758,0,0,0,0,0,0,0,0,0,0,0,0,0,0,0,0,0
12759,0,0,0,0,0,0,0,0,0,0,0,0,0,0,0,0,0
12760,0,0,0,0,0,0,0,0,0,0,0,0,0,0,0,0,0
12761,0,0,0,0,0,0,0,0,0,0,0,0,0,0,0,0,0
12762,0,0,0,0,0,0,0,0,0,0,0,0,0,0,0,0,0
12763,0,0,0,0,0,0,0,0,0,0,0,0,0,0,0,0,0
12764,0,0,0,0,0,0,0,0,0,0,0,0,0,0,0,0,0
12765,0,0,0,0,0,0,0,0,0,0,0,0,0,0,0,0,0
12766,0,0,0,0,0,0,0,0,0,0,0,0,0,0,0,0,0
12767,0,0,0,0,0,0,0,0,0,0,0,0,0,0,0,0,0
12768,0,0,0,0,0,0,0,0,0,0,0,0,0,0,0,0,0
12769,0,0,0,0,0,0,0,0,0,0,0,0,0,0,0,0,0
12770,0,0,0,0,0,0,0,0,0,0,0,0,0,0,0,0,0
12771,0,0,0,0,0,0,0,0,0,0,0,0,0,0,0,0,0
12772,0,0,0,0,0,0,0,0,0,0,0,0,0,0,0,0,0
12773,0,0,0,0,0,0,0,0,0,0,0,0,0,0,0,0,0
12774,0,0,0,0,0,0,0,0,0,0,0,0,0,0,0,0,0
12775,0,0,0,0,0,0,0,0,0,0,0,0,0,0,0,0,0
12776,0,0,0,0,0,0,0,0,0,0,0,0,0,0,0,0,0
12777,0,0,0,0,0,0,0,0,0,0,0,0,0,0,0,0,0
12778,0,0,0,0,0,0,0,0,0,0,0,0,0,0,0,0,0
12779,0,0,0,0,0,0,0,0,0,0,0,0,0,0,0,0,0
12780,0,0,0,0,0,0,0,0,0,0,0,0,0,0,0,0,0
12781,0,0,0,0,0,0,0,0,0,0,0,0,0,0,0,0,0
12782,0,0,0,0,0,0,0,0,0,0,0,0,0,0,0,0,0
12783,0,0,0,0,0,0,0,0,0,0,0,0,0,0,0,0,0
12784,0,0,0,0,0,0,0,0,0,0,0,0,0,0,0,0,0
12785,0,0,0,0,0,0,0,0,0,0,0,0,0,0,0,0,0
12786,0,0,0,0,0,0,0,0,0,0,0,0,0,0,0,0,0
12787,0,0,0,0,0,0,0,0,0,0,0,0,0,0,0,0,0
12788,0,0,0,0,0,0,0,0,0,0,0,0,0,0,0,0,0
12789,0,0,0,0,0,0,0,0,0,0,0,0,0,0,0,0,0
12790,0,0,0,0,0,0,0,0,0,0,0,0,0,0,0,0,0
12791,0,0,0,0,0,0,0,0,0,0,0,0,0,0,0,0,0
12792,0,0,0,0,0,0,0,0,0,0,0,0,0,0,0,0,0
12793,0,0,0,0,0,0,0,0,0,0,0,0,0,0,0,0,0
12794,0,0,0,0,0,0,0,0,0,0,0,0,0,0,0,0,0
12795,0,0,0,0,0,0,0,0,0,0,0,0,0,0,0,0,0
12796,0,0,0,0,0,0,0,0,0,0,0,0,0,0,0,0,0
12797,0,0,0,0,0,0,0,0,0,0,0,0,0,0,0,0,0
12798,0,0,0,0,0,0,0,0,0,0,0,0,0,0,0,0,0
12799,0,0,0,0,0,0,0,0,0,0,0,0,0,0,0,0,0
12800,10,10,0,0,0,0,0,0,0,0,0,0,0,0,0,0,0
12801,10,10,0,0,0,0,0,0,0,0,0,0,0,0,0,0,0
12802,12,11,0,0,0,0,0,0,0,0,0,0,0,0,0,0,0
12803,12,11,0,0,0,0,0,0,0,0,0,0,0,0,0,0,0
12804,12,11,0,0,0,0,0,0,0,0,0,0,0,0,0,0,0
12805,12,11,0,0,0,0,0,0,0,0,0,0,0,0,0,0,0
12806,12,9,0,0,0,0,0,0,0,0,0,0,0,0,0,0,0
12807,12,9,0,0,0,0,0,0,0,0,0,0,0,0,0,0,0
12808,10,10,0,0,0,0,0,0,0,0,0,0,0,0,0,0,0
12809,12,10,0,0,0,0,0,0,0,0,0,0,0,0,0,0,0
12810,12,9,0,0,0,0,0,0,0,0,0,0,0,0,0,0,0
12811,12,10,0,0,0,0,0,0,0,0,0,0,0,0,0,0,0
12812,14,12,1,0,0,0,0,0,0,1,0,0,0,0,0,0,0
12813,15,13,1,0,0,0,0,0,1,0,0,0,0,0,0,0,0
12814,15,13,1,0,0,0,0,0,1,0,0,0,0,0,0,0,0
12815,14,12,0,0,0,0,0,0,0,0,0,0,0,0,0,0,0
12816,14,11,0,0,0,0,0,0,0,0,0,0,0,0,0,0,0
12817,14,12,0,0,0,0,0,0,0,0,0,0,0,0,0,0,0
12818,15,12,1,0,0,0,0,0,1,0,0,0,0,0,0,0,0
12819,13,13,0,0,0,0,0,0,0,0,0,0,0,0,0,0,0
12820,13,11,0,0,0,0,0,0,0,0,0,0,0,0,0,0,0
12821,13,11,0,0,0,0,0,0,0,0,0,0,0,0,0,0,0
12822,10,9,0,0,0,0,0,0,0,0,0,0,0,0,0,0,0
12823,10,9,0,0,0,0,0,0,0,0,0,0,0,0,0,0,0
12824,12,10,0,0,0,0,0,0,0,0,0,0,0,0,0,0,0
12825,12,9,0,0,0,0,0,0,0,0,0,0,0,0,0,0,0
12826,14,13,0,0,0,0,0,0,0,0,0,0,0,0,0,0,0
12827,16,15,0,0,0,0,0,0,0,0,0,0,0,0,0,0,0
12828,16,13,1,0,0,0,0,1,0,0,0,0,0,0,0,0,0
12829,15,12,1,0,0,0,0,1,0,0,0,0,0,0,0,0,0
12830,15,13,0,0,0,0,0,0,0,0,0,0,0,0,0,0,0
12831,15,12,0,0,0,0,0,0,0,0,0,0,0,0,0,0,0
12832,15,12,0,0,0,0,0,0,0,0,0,0,0,0,0,0,0
12833,15,12,0,0,0,0,0,0,0,0,0,0,0,0,0,0,0
12834,15,13,0,0,0,0,0,0,0,0,0,0,0,0,0,0,0
12835,15,14,0,0,0,0,0,0,0,0,0,0,0,0,0,0,0
12836,15,13,0,0,0,0,0,0,0,0,0,0,0,0,0,0,0
12837,12,10,0,0,0,0,0,0,0,0,0,0,0,0,0,0,0
12838,12,10,0,0,0,0,0,0,0,0,0,0,0,0,0,0,0
12839,12,8,0,0,0,0,0,0,0,0,0,0,0,0,0,0,0
12840,12,9,0,0,0,0,0,0,0,0,0,0,0,0,0,0,0
12841,14,13,0,0,0,0,0,0,0,0,0,0,0,0,0,0,0
12842,17,15,0,0,0,0,0,0,0,0,0,0,0,0,0,0,0
12843,17,12,0,0,0,0,0,0,0,0,0,0,0,0,0,0,0
12844,17,13,0,0,0,0,0,0,0,0,0,0,0,0,0,0,0
12845,18,13,0,0,0,0,0,0,0,0,0,0,0,0,0,0,0
12846,19,14,1,0,0,0,0,0,1,0,0,0,0,0,0,0,0
12847,18,14,1,1,1,0,0,0,0,0,0,0,0,0,0,0,0
12848,16,14,0,0,0,0,0,0,0,0,0,0,0,0,0,0,0
12849,19,14,0,0,0,0,0,0,0,0,0,0,0,0,0,0,0
12850,17,12,0,0,0,0,0,0,0,0,0,0,0,0,0,0,0
12851,17,12,0,0,0,0,0,0,0,0,0,0,0,0,0,0,0
12852,16,12,0,0,0,0,0,0,0,0,0,0,0,0,0,0,0
12853,16,11,0,0,0,0,0,0,0,0,0,0,0,0,0,0,0
12854,16,12,0,0,0,0,0,0,0,0,0,0,0,0,0,0,0
12855,17,12,0,0,0,0,0,0,0,0,0,0,0,0,0,0,0
12856,18,12,0,0,0,0,0,0,0,0,0,0,0,0,0,0,0
12857,16,11,0,0,0,0,0,0,0,0,0,0,0,0,0,0,0
12858,19,12,1,0,0,0,0,0,1,0,0,0,0,0,0,0,0
12859,17,10,2,0,0,0,0,0,2,0,0,0,0,0,0,0,0
12860,15,12,0,0,0,0,0,0,0,0,0,0,0,0,0,0,0
12861,16,13,0,0,0,0,0,0,0,0,0,0,0,0,0,0,0
12862,13,11,0,0,0,0,0,0,0,0,0,0,0,0,0,0,0
12863,13,11,0,0,0,0,0,0,0,0,0,0,0,0,0,0,0
12864,16,12,0,0,0,0,0,0,0,0,0,0,0,0,0,0,0
12865,16,13,0,0,0,0,0,0,0,0,0,0,0,0,0,0,0
12866,17,15,0,0,0,0,0,0,0,0,0,0,0,0,0,0,0
12867,18,15,0,0,0,0,0,0,0,0,0,0,0,0,0,0,0
12868,16,12,0,0,0,0,0,0,0,0,0,0,0,0,0,0,0
12869,16,12,0,0,0,0,0,0,0,0,0,0,0,0,0,0,0
12870,16,11,0,0,0,0,0,0,0,0,0,0,0,0,0,0,0
12871,16,12,0,0,0,0,0,0,0,0,0,0,0,0,0,0,0
12872,16,10,0,0,0,0,0,0,0,0,0,0,0,0,0,0,0
12873,16,11,0,0,0,0,0,0,0,0,0,0,0,0,0,0,0
12874,16,11,0,0,0,0,0,0,0,0,0,0,0,0,0,0,0
12875,16,13,0,0,0,0,0,0,0,0,0,0,0,0,0,0,0
12876,16,15,0,0,0,0,0,0,0,0,0,0,0,0,0,0,0
12877,16,14,0,0,0,0,0,0,0,0,0,0,0,0,0,0,0
12878,14,14,0,0,0,0,0,0,0,0,0,0,0,0,0,0,0
12879,15,15,0,0,0,0,0,0,0,0,0,0,0,0,0,0,0
12880,16,16,0,0,0,0,0,0,0,0,0,0,0,0,0,0,0
12881,16,16,0,0,0,0,0,0,0,0,0,0,0,0,0,0,0
12882,18,18,0,0,0,0,0,0,0,0,0,0,0,0,0,0,0
12883,15,15,0,0,0,0,0,0,0,0,0,0,0,0,0,0,0
12884,15,15,0,0,0,0,0,0,0,0,0,0,0,0,0,0,0
12885,15,15,0,0,0,0,0,0,0,0,0,0,0,0,0,0,0
12886,15,15,0,0,0,0,0,0,0,0,0,0,0,0,0,0,0
12887,15,14,0,0,0,0,0,0,0,0,0,0,0,0,0,0,0
12888,14,13,0,0,0,0,0,0,0,0,0,0,0,0,0,0,0
12889,15,15,0,0,0,0,0,0,0,0,0,0,0,0,0,0,0
12890,14,14,0,0,0,0,0,0,0,0,0,0,0,0,0,0,0
12891,14,14,0,0,0,0,0,0,0,0,0,0,0,0,0,0,0
12892,14,14,0,0,0,0,0,0,0,0,0,0,0,0,0,0,0
12893,14,14,0,0,0,0,0,0,0,0,0,0,0,0,0,0,0
12894,14,14,0,0,0,0,0,0,0,0,0,0,0,0,0,0,0
12895,15,15,0,0,0,0,0,0,0,0,0,0,0,0,0,0,0
12896,13,13,0,0,0,0,0,0,0,0,0,0,0,0,0,0,0
12897,13,13,0,0,0,0,0,0,0,0,0,0,0,0,0,0,0
12898,14,14,0,0,0,0,0,0,0,0,0,0,0,0,0,0,0
12899,16,15,0,0,0,0,0,0,0,0,0,0,0,0,0,0,0
12900,14,14,0,0,0,0,0,0,0,0,0,0,0,0,0,0,0
12901,13,13,0,0,0,0,0,0,0,0,0,0,0,0,0,0,0
12902,13,12,0,0,0,0,0,0,0,0,0,0,0,0,0,0,0
12903,13,12,0,0,0,0,0,0,0,0,0,0,0,0,0,0,0
12904,11,11,0,0,0,0,0,0,0,0,0,0,0,0,0,0,0
12905,14,12,0,0,0,0,0,0,0,0,0,0,0,0,0,0,0
12906,14,12,0,0,0,0,0,0,0,0,0,0,0,0,0,0,0
12907,14,13,0,0,0,0,0,0,0,0,0,0,0,0,0,0,0
12908,14,12,0,0,0,0,0,0,0,0,0,0,0,0,0,0,0
12909,14,13,0,0,0,0,0,0,0,0,0,0,0,0,0,0,0
12910,14,13,0,0,0,0,0,0,0,0,0,0,0,0,0,0,0
12911,14,11,0,0,0,0,0,0,0,0,0,0,0,0,0,0,0
12912,13,10,0,0,0,0,0,0,0,0,0,0,0,0,0,0,0
12913,14,12,0,0,0,0,0,0,0,0,0,0,0,0,0,0,0
12914,13,11,0,0,0,0,0,0,0,0,0,0,0,0,0,0,0
12915,13,11,0,0,0,0,0,0,0,0,0,0,0,0,0,0,0
12916,15,11,1,0,0,0,0,0,0,1,0,0,0,0,0,0,0
12917,14,9,0,0,0,0,0,0,0,0,0,0,0,0,0,0,0
12918,14,9,0,0,0,0,0,0,0,0,0,0,0,0,0,0,0
12919,15,10,0,0,0,0,0,0,0,0,0,0,0,0,0,0,0
12920,15,10,0,0,0,0,0,0,0,0,0,0,0,0,0,0,0
12921,13,11,0,0,0,0,0,0,0,0,0,0,0,0,0,0,0
12922,12,8,0,0,0,0,0,0,0,0,0,0,0,0,0,0,0
12923,11,9,0,0,0,0,0,0,0,0,0,0,0,0,0,0,0
12924,12,10,0,0,0,0,0,0,0,0,0,0,0,0,0,0,0
12925,12,9,0,0,0,0,0,0,0,0,0,0,0,0,0,0,0
12926,11,9,0,0,0,0,0,0,0,0,0,0,0,0,0,0,0
12927,10,8,0,0,0,0,0,0,0,0,0,0,0,0,0,0,0
12928,17,15,0,0,0,0,0,0,0,0,0,0,0,0,0,0,0
12929,16,13,0,0,0,0,0,0,0,0,0,0,0,0,0,0,0
12930,16,15,0,0,0,0,0,0,0,0,0,0,0,0,0,0,0
12931,16,14,0,0,0,0,0,0,0,0,0,0,0,0,0,0,0
12932,16,15,0,0,0,0,0,0,0,0,0,0,0,0,0,0,0
12933,16,14,0,0,0,0,0,0,0,0,0,0,0,0,0,0,0
12934,16,15,0,0,0,0,0,0,0,0,0,0,0,0,0,0,0
12935,16,15,0,0,0,0,0,0,0,0,0,0,0,0,0,0,0
12936,16,14,0,0,0,0,0,0,0,0,0,0,0,0,0,0,0
12937,16,15,0,0,0,0,0,0,0,0,0,0,0,0,0,0,0
12938,14,13,0,0,0,0,0,0,0,0,0,0,0,0,0,0,0
12939,14,13,0,0,0,0,0,0,0,0,0,0,0,0,0,0,0
12940,14,12,0,0,0,0,0,0,0,0,0,0,0,0,0,0,0
12941,16,14,0,0,0,0,0,0,0,0,0,0,0,0,0,0,0
12942,16,13,0,0,0,0,0,0,0,0,0,0,0,0,0,0,0
12943,14,13,0,0,0,0,0,0,0,0,0,0,0,0,0,0,0
12944,14,12,0,0,0,0,0,0,0,0,0,0,0,0,0,0,0
12945,14,12,0,0,0,0,0,0,0,0,0,0,0,0,0,0,0
12946,14,13,0,0,0,0,0,0,0,0,0,0,0,0,0,0,0
12947,14,13,0,0,0,0,0,0,0,0,0,0,0,0,0,0,0
12948,14,13,0,0,0,0,0,0,0,0,0,0,0,0,0,0,0
12949,14,13,0,0,0,0,0,0,0,0,0,0,0,0,0,0,0
12950,14,13,0,0,0,0,0,0,0,0,0,0,0,0,0,0,0
12951,14,13,0,0,0,0,0,0,0,0,0,0,0,0,0,0,0
12952,16,16,0,0,0,0,0,0,0,0,0,0,0,0,0,0,0
12953,16,16,0,0,0,0,0,0,0,0,0,0,0,0,0,0,0
12954,16,16,0,0,0,0,0,0,0,0,0,0,0,0,0,0,0
12955,16,16,0,0,0,0,0,0,0,0,0,0,0,0,0,0,0
12956,14,13,0,0,0,0,0,0,0,0,0,0,0,0,0,0,0
12957,14,14,0,0,0,0,0,0,0,0,0,0,0,0,0,0,0
12958,14,13,0,0,0,0,0,0,0,0,0,0,0,0,0,0,0
12959,12,12,0,0,0,0,0,0,0,0,0,0,0,0,0,0,0
12960,14,14,0,0,0,0,0,0,0,0,0,0,0,0,0,0,0
12961,16,15,0,0,0,0,0,0,0,0,0,0,0,0,0,0,0
12962,14,13,0,0,0,0,0,0,0,0,0,0,0,0,0,0,0
12963,14,13,0,0,0,0,0,0,0,0,0,0,0,0,0,0,0
12964,14,13,0,0,0,0,0,0,0,0,0,0,0,0,0,0,0
12965,14,13,0,0,0,0,0,0,0,0,0,0,0,0,0,0,0
12966,14,13,0,0,0,0,0,0,0,0,0,0,0,0,0,0,0
12967,14,13,0,0,0,0,0,0,0,0,0,0,0,0,0,0,0
12968,14,13,0,0,0,0,0,0,0,0,0,0,0,0,0,0,0
12969,14,11,0,0,0,0,0,0,0,0,0,0,0,0,0,0,0
12970,12,12,0,0,0,0,0,0,0,0,0,0,0,0,0,0,0
12971,10,10,0,0,0,0,0,0,0,0,0,0,0,0,0,0,0
12972,10,10,0,0,0,0,0,0,0,0,0,0,0,0,0,0,0
12973,10,9,0,0,0,0,0,0,0,0,0,0,0,0,0,0,0
12974,10,10,0,0,0,0,0,0,0,0,0,0,0,0,0,0,0
12975,10,10,0,0,0,0,0,0,0,0,0,0,0,0,0,0,0
12976,10,10,0,0,0,0,0,0,0,0,0,0,0,0,0,0,0
12977,10,10,0,0,0,0,0,0,0,0,0,0,0,0,0,0,0
12978,10,10,0,0,0,0,0,0,0,0,0,0,0,0,0,0,0
12979,10,10,0,0,0,0,0,0,0,0,0,0,0,0,0,0,0
12980,10,10,0,0,0,0,0,0,0,0,0,0,0,0,0,0,0
12981,10,9,0,0,0,0,0,0,0,0,0,0,0,0,0,0,0
12982,10,10,0,0,0,0,0,0,0,0,0,0,0,0,0,0,0
12983,10,10,0,0,0,0,0,0,0,0,0,0,0,0,0,0,0
12984,10,10,0,0,0,0,0,0,0,0,0,0,0,0,0,0,0
12985,10,9,0,0,0,0,0,0,0,0,0,0,0,0,0,0,0
12986,10,9,0,0,0,0,0,0,0,0,0,0,0,0,0,0,0
12987,10,9,0,0,0,0,0,0,0,0,0,0,0,0,0,0,0
12988,10,10,0,0,0,0,0,0,0,0,0,0,0,0,0,0,0
12989,10,10,0,0,0,0,0,0,0,0,0,0,0,0,0,0,0
12990,10,10,0,0,0,0,0,0,0,0,0,0,0,0,0,0,0
12991,10,10,0,0,0,0,0,0,0,0,0,0,0,0,0,0,0
12992,10,10,0,0,0,0,0,0,0,0,0,0,0,0,0,0,0
12993,10,10,0,0,0,0,0,0,0,0,0,0,0,0,0,0,0
12994,10,10,0,0,0,0,0,0,0,0,0,0,0,0,0,0,0
12995,10,10,0,0,0,0,0,0,0,0,0,0,0,0,0,0,0
12996,10,10,0,0,0,0,0,0,0,0,0,0,0,0,0,0,0
12997,10,10,0,0,0,0,0,0,0,0,0,0,0,0,0,0,0
12998,10,10,0,0,0,0,0,0,0,0,0,0,0,0,0,0,0
12999,10,10,0,0,0,0,0,0,0,0,0,0,0,0,0,0,0
13000,10,10,0,0,0,0,0,0,0,0,0,0,0,0,0,0,0
13001,10,10,0,0,0,0,0,0,0,0,0,0,0,0,0,0,0
13002,8,8,0,0,0,0,0,0,0,0,0,0,0,0,0,0,0
13003,8,8,0,0,0,0,0,0,0,0,0,0,0,0,0,0,0
13004,8,8,0,0,0,0,0,0,0,0,0,0,0,0,0,0,0
13005,8,8,0,0,0,0,0,0,0,0,0,0,0,0,0,0,0
13006,8,8,0,0,0,0,0,0,0,0,0,0,0,0,0,0,0
13007,8,8,0,0,0,0,0,0,0,0,0,0,0,0,0,0,0
13008,8,8,0,0,0,0,0,0,0,0,0,0,0,0,0,0,0
13009,8,8,0,0,0,0,0,0,0,0,0,0,0,0,0,0,0
13010,8,8,0,0,0,0,0,0,0,0,0,0,0,0,0,0,0
13011,8,8,0,0,0,0,0,0,0,0,0,0,0,0,0,0,0
13012,8,8,0,0,0,0,0,0,0,0,0,0,0,0,0,0,0
13013,8,7,0,0,0,0,0,0,0,0,0,0,0,0,0,0,0
13014,8,7,0,0,0,0,0,0,0,0,0,0,0,0,0,0,0
13015,8,7,0,0,0,0,0,0,0,0,0,0,0,0,0,0,0
13016,8,6,0,0,0,0,0,0,0,0,0,0,0,0,0,0,0
13017,8,7,0,0,0,0,0,0,0,0,0,0,0,0,0,0,0
13018,8,7,0,0,0,0,0,0,0,0,0,0,0,0,0,0,0
13019,8,6,0,0,0,0,0,0,0,0,0,0,0,0,0,0,0
13020,8,7,0,0,0,0,0,0,0,0,0,0,0,0,0,0,0
13021,10,9,0,0,0,0,0,0,0,0,0,0,0,0,0,0,0
13022,10,9,0,0,0,0,0,0,0,0,0,0,0,0,0,0,0
13023,12,10,0,0,0,0,0,0,0,0,0,0,0,0,0,0,0
13024,12,10,0,0,0,0,0,0,0,0,0,0,0,0,0,0,0
13025,11,10,0,0,0,0,0,0,0,0,0,0,0,0,0,0,0
13026,11,10,0,0,0,0,0,0,0,0,0,0,0,0,0,0,0
13027,11,11,0,0,0,0,0,0,0,0,0,0,0,0,0,0,0
13028,10,10,0,0,0,0,0,0,0,0,0,0,0,0,0,0,0
13029,10,10,0,0,0,0,0,0,0,0,0,0,0,0,0,0,0
13030,10,10,0,0,0,0,0,0,0,0,0,0,0,0,0,0,0
13031,10,10,0,0,0,0,0,0,0,0,0,0,0,0,0,0,0
13032,12,11,0,0,0,0,0,0,0,0,0,0,0,0,0,0,0
13033,10,9,0,0,0,0,0,0,0,0,0,0,0,0,0,0,0
13034,10,9,0,0,0,0,0,0,0,0,0,0,0,0,0,0,0
13035,8,7,0,0,0,0,0,0,0,0,0,0,0,0,0,0,0
13036,8,7,0,0,0,0,0,0,0,0,0,0,0,0,0,0,0
13037,8,7,0,0,0,0,0,0,0,0,0,0,0,0,0,0,0
13038,8,7,0,0,0,0,0,0,0,0,0,0,0,0,0,0,0
13039,8,7,0,0,0,0,0,0,0,0,0,0,0,0,0,0,0
13040,8,7,0,0,0,0,0,0,0,0,0,0,0,0,0,0,0
13041,8,7,0,0,0,0,0,0,0,0,0,0,0,0,0,0,0
13042,8,7,0,0,0,0,0,0,0,0,0,0,0,0,0,0,0
13043,8,6,0,0,0,0,0,0,0,0,0,0,0,0,0,0,0
13044,8,6,0,0,0,0,0,0,0,0,0,0,0,0,0,0,0
13045,8,6,0,0,0,0,0,0,0,0,0,0,0,0,0,0,0
13046,8,5,0,0,0,0,0,0,0,0,0,0,0,0,0,0,0
13047,8,5,0,0,0,0,0,0,0,0,0,0,0,0,0,0,0
13048,8,6,0,0,0,0,0,0,0,0,0,0,0,0,0,0,0
13049,8,6,0,0,0,0,0,0,0,0,0,0,0,0,0,0,0
13050,8,6,0,0,0,0,0,0,0,0,0,0,0,0,0,0,0
13051,8,6,0,0,0,0,0,0,0,0,0,0,0,0,0,0,0
13052,8,6,0,0,0,0,0,0,0,0,0,0,0,0,0,0,0
13053,8,6,0,0,0,0,0,0,0,0,0,0,0,0,0,0,0
13054,8,6,0,0,0,0,0,0,0,0,0,0,0,0,0,0,0
13055,8,6,0,0,0,0,0,0,0,0,0,0,0,0,0,0,0
