id,leaderboard,toposcore,topoF1_0,topoF1_1,topoF1_2,surface_dice,voi_score,voi_total,voi_split,voi_merge,elapsed_s
pherc0814-native-fine-teacher-2p399-to-9p362-00000,0.602849,0.338308,0.666667,0.000000,nan,0.897073,0.535374,2.892848,1.504250,1.388598,10.5
pherc0814-native-fine-teacher-2p399-to-9p362-00001,0.634678,0.383508,0.711111,0.045977,nan,0.960591,0.524054,3.027338,1.714627,1.312712,10.0
pherc0814-native-fine-teacher-2p399-to-9p362-00002,0.601139,0.358010,0.666667,0.040000,nan,0.887397,0.523277,3.036779,1.677605,1.359175,10.0
pherc0814-native-fine-teacher-2p399-to-9p362-00003,0.592188,0.330156,0.650602,0.000000,nan,0.893689,0.515285,3.135578,1.619638,1.515940,9.8
pherc0814-native-fine-teacher-2p399-to-9p362-00004,0.649244,0.403999,0.796117,0.000000,nan,0.941216,0.567483,2.540556,1.238439,1.302118,10.2
pherc0814-native-fine-teacher-2p399-to-9p362-00005,0.666576,0.437811,0.862745,0.000000,nan,0.920779,0.608458,2.144994,1.194787,0.950207,9.7
pherc0814-native-fine-teacher-2p399-to-9p362-00006,0.683333,0.461330,0.909091,0.000000,nan,0.907713,0.649241,1.800865,0.835923,0.964943,9.5
pherc0814-native-fine-teacher-2p399-to-9p362-00007,0.659890,0.422886,0.833333,0.000000,nan,0.929942,0.592985,2.287944,1.290578,0.997366,10.1
pherc0814-native-fine-teacher-2p399-to-9p362-00008,0.640942,0.384711,0.724638,0.034483,nan,0.953561,0.547952,2.749927,1.435327,1.314601,9.7
pherc0814-native-fine-teacher-2p399-to-9p362-00009,0.676017,0.456109,0.787879,0.114286,nan,0.962098,0.578427,2.429421,1.165712,1.263710,10.0
pherc0814-native-fine-teacher-2p399-to-9p362-00010,0.655871,0.424852,0.837209,0.000000,nan,0.935451,0.574307,2.470765,1.415280,1.055485,10.3
pherc0814-native-fine-teacher-2p399-to-9p362-00011,0.676556,0.474278,0.805195,0.133333,nan,0.951892,0.574601,2.467791,1.081852,1.385938,9.8
pherc0814-native-fine-teacher-2p399-to-9p362-00012,0.601549,0.346766,0.683333,0.000000,nan,0.879561,0.541922,2.817617,1.557463,1.260153,11.0
pherc0814-native-fine-teacher-2p399-to-9p362-00013,0.607355,0.328779,0.647887,0.000000,nan,0.878984,0.574506,2.468750,1.115295,1.353455,9.9
pherc0814-native-fine-teacher-2p399-to-9p362-00014,0.658990,0.391883,0.734177,0.039216,nan,0.968297,0.578630,2.427397,1.119018,1.308379,9.9
pherc0814-native-fine-teacher-2p399-to-9p362-00015,0.514370,0.248553,0.489796,0.000000,nan,0.752782,0.503801,3.283040,1.871991,1.411049,10.0
pherc0814-native-fine-teacher-2p399-to-9p362-00016,0.635457,0.397248,0.698413,0.086957,nan,0.937641,0.537451,2.868781,1.405639,1.463142,10.5
pherc0814-native-fine-teacher-2p399-to-9p362-00017,0.663357,0.448676,0.787097,0.100000,nan,0.962919,0.547807,2.751531,1.426816,1.324715,10.5
pherc0814-native-fine-teacher-2p399-to-9p362-00018,0.606442,0.321179,0.632911,0.000000,nan,0.895213,0.562183,2.595934,1.722671,0.873263,10.9
pherc0814-native-fine-teacher-2p399-to-9p362-00019,0.598326,0.324776,0.640000,0.000000,nan,0.860744,0.570381,2.510718,1.129625,1.381093,10.5
pherc0814-native-fine-teacher-2p399-to-9p362-00020,0.415355,0.169154,0.333333,0.000000,nan,0.436256,0.605484,2.171908,0.632241,1.539667,10.5
pherc0814-native-fine-teacher-2p399-to-9p362-00021,0.675390,0.417910,0.823529,0.000000,nan,0.979402,0.592075,2.296583,1.194544,1.102038,11.0
pherc0814-native-fine-teacher-2p399-to-9p362-00022,0.661853,0.387517,0.763636,0.000000,nan,0.966190,0.592661,2.291018,1.175985,1.115033,10.8
pherc0814-native-fine-teacher-2p399-to-9p362-00023,0.681947,0.440425,0.779661,0.090909,nan,0.975045,0.595866,2.260765,1.297803,0.962962,10.8
pherc0814-native-fine-teacher-2p399-to-9p362-00024,0.732590,0.588349,0.806452,0.363636,nan,0.993781,0.595034,2.268587,1.176690,1.091897,11.2
pherc0814-native-fine-teacher-2p399-to-9p362-00025,0.659362,0.382436,0.753623,0.000000,nan,0.980549,0.575540,2.458327,1.373235,1.085092,11.2
pherc0814-native-fine-teacher-2p399-to-9p362-00026,0.703427,0.439150,0.865385,0.000000,nan,0.994714,0.638664,1.885895,1.036870,0.849025,11.7
pherc0814-native-fine-teacher-2p399-to-9p362-00027,0.706132,0.516543,0.813559,0.210526,nan,0.955049,0.619720,2.045438,1.167049,0.878389,11.2
pherc0814-native-fine-teacher-2p399-to-9p362-00028,0.681845,0.397145,0.782609,0.000000,nan,0.978073,0.629646,1.960644,1.005766,0.954877,11.5
pherc0814-native-fine-teacher-2p399-to-9p362-00029,0.693710,0.447015,0.800000,0.083333,nan,0.976916,0.621958,2.026088,0.955330,1.070758,11.1
pherc0814-native-fine-teacher-2p399-to-9p362-00030,0.691822,0.462378,0.808989,0.105263,nan,0.983294,0.597017,2.249983,1.164101,1.085882,11.8
pherc0814-native-fine-teacher-2p399-to-9p362-00031,0.628900,0.365373,0.720000,0.000000,nan,0.894269,0.589412,2.322023,0.986768,1.335255,11.7
pherc0814-native-fine-teacher-2p399-to-9p362-00032,0.675186,0.394693,0.777778,0.000000,nan,0.950286,0.640508,1.870871,1.080881,0.789990,11.7
pherc0814-native-fine-teacher-2p399-to-9p362-00033,0.676414,0.436982,0.861111,0.000000,nan,0.940713,0.617343,2.066154,0.893276,1.172878,11.1
pherc0814-native-fine-teacher-2p399-to-9p362-00034,0.671434,0.426018,0.839506,0.000000,nan,0.948930,0.604294,2.182748,0.998632,1.184117,11.5
pherc0814-native-fine-teacher-2p399-to-9p362-00035,0.679310,0.415953,0.819672,0.000000,nan,0.971161,0.613193,2.102695,1.155606,0.947089,11.3
pherc0814-native-fine-teacher-2p399-to-9p362-00036,0.753380,0.613088,0.884615,0.333333,nan,0.997599,0.629412,1.962613,1.024688,0.937926,12.1
pherc0814-native-fine-teacher-2p399-to-9p362-00037,0.575762,0.321806,0.634146,0.000000,nan,0.793866,0.575334,2.460401,0.947832,1.512569,10.9
pherc0814-native-fine-teacher-2p399-to-9p362-00038,0.695341,0.446539,0.777778,0.105263,nan,0.984291,0.619650,2.046050,1.071886,0.974164,11.5
pherc0814-native-fine-teacher-2p399-to-9p362-00039,0.718556,0.523679,0.837838,0.200000,nan,0.972295,0.631855,1.942140,0.987309,0.954831,11.3
pherc0814-native-fine-teacher-2p399-to-9p362-00040,0.568847,0.246874,0.486486,0.000000,nan,0.830450,0.583220,2.382065,1.003386,1.378679,11.5
pherc0814-native-fine-teacher-2p399-to-9p362-00041,0.740801,0.495661,0.976744,0.000000,nan,0.999971,0.691751,1.485356,0.748831,0.736525,11.3
pherc0814-native-fine-teacher-2p399-to-9p362-00042,0.668363,0.396068,0.780488,0.000000,nan,0.974194,0.595926,2.260203,1.213988,1.046215,11.6
pherc0814-native-fine-teacher-2p399-to-9p362-00043,0.501681,0.225539,0.444444,0.000000,nan,0.675187,0.564867,2.567759,0.949880,1.617878,11.0
pherc0814-native-fine-teacher-2p399-to-9p362-00044,0.674329,0.372830,0.734694,0.000000,nan,0.965332,0.641753,1.860777,0.931089,0.929688,11.3
pherc0814-native-fine-teacher-2p399-to-9p362-00045,0.842746,0.937500,0.937500,nan,nan,0.975688,0.628585,1.969580,1.062477,0.907103,11.6
pherc0814-native-fine-teacher-2p399-to-9p362-00046,0.643243,0.400958,0.790123,0.000000,nan,0.904674,0.589484,2.321331,1.261949,1.059382,11.7
pherc0814-native-fine-teacher-2p399-to-9p362-00047,0.662810,0.419969,0.827586,0.000000,nan,0.942672,0.591099,2.305885,1.351638,0.954246,11.4
pherc0814-native-fine-teacher-2p399-to-9p362-00048,0.654439,0.387517,0.763636,0.000000,nan,0.921514,0.616155,2.076557,1.198606,0.877951,11.7
pherc0814-native-fine-teacher-2p399-to-9p362-00049,0.650583,0.397741,0.783784,0.000000,nan,0.943820,0.574068,2.473183,1.393094,1.080089,10.8
pherc0814-native-fine-teacher-2p399-to-9p362-00050,0.667997,0.419502,0.826667,0.000000,nan,0.966124,0.582867,2.385529,1.221869,1.163659,11.5
pherc0814-native-fine-teacher-2p399-to-9p362-00051,0.657600,0.373920,0.736842,0.000000,nan,0.915803,0.642550,1.854327,1.054108,0.800220,11.5
pherc0814-native-fine-teacher-2p399-to-9p362-00052,0.679857,0.432591,0.852459,0.000000,nan,0.963718,0.607938,2.149685,1.002631,1.147054,11.6
pherc0814-native-fine-teacher-2p399-to-9p362-00053,0.668837,0.434968,0.857143,0.000000,nan,0.950458,0.587675,2.338737,1.150573,1.188164,11.6
pherc0814-native-fine-teacher-2p399-to-9p362-00054,0.644764,0.398721,0.785714,0.000000,nan,0.889243,0.611180,2.120595,0.836972,1.283624,11.5
pherc0814-native-fine-teacher-2p399-to-9p362-00055,0.576014,0.313249,0.617284,0.000000,nan,0.857982,0.519273,3.085899,1.562336,1.523563,11.1
pherc0814-native-fine-teacher-2p399-to-9p362-00056,0.643858,0.375898,0.740741,0.000000,nan,0.935044,0.582353,2.390575,1.105208,1.285366,11.7
pherc0814-native-fine-teacher-2p399-to-9p362-00057,0.492954,0.173987,0.342857,0.000000,nan,0.677716,0.581593,2.398055,0.588382,1.809673,11.2
pherc0814-native-fine-teacher-2p399-to-9p362-00058,0.545008,0.238806,0.470588,0.000000,nan,0.795555,0.556921,2.651953,1.195476,1.456477,11.4
pherc0814-native-fine-teacher-2p399-to-9p362-00059,0.652784,0.284165,0.536585,0.024096,nan,0.979531,0.641997,1.858800,1.018374,0.840426,11.1
pherc0814-native-fine-teacher-2p399-to-9p362-00060,0.653734,0.390905,0.695652,0.076923,nan,0.942545,0.590205,2.314426,1.278041,1.036384,11.9
pherc0814-native-fine-teacher-2p399-to-9p362-00061,0.649918,0.371937,0.715447,0.018018,nan,0.939113,0.598991,2.231576,1.161521,1.070055,11.7
pherc0814-native-fine-teacher-2p399-to-9p362-00062,0.618869,0.299277,0.568421,0.021978,nan,0.936408,0.575266,2.461091,1.309235,1.151856,11.6
pherc0814-native-fine-teacher-2p399-to-9p362-00063,0.625586,0.349738,0.689189,0.000000,nan,0.928674,0.558938,2.630353,1.315151,1.315202,11.4
pherc0814-native-fine-teacher-2p399-to-9p362-00064,0.534014,0.271600,0.535211,0.000000,nan,0.797790,0.495165,3.398426,1.422325,1.976101,11.9
pherc0814-native-fine-teacher-2p399-to-9p362-00065,0.609065,0.297761,0.552239,0.000000,0.333333,0.912739,0.572225,2.491885,1.235297,1.256587,11.0
pherc0814-native-fine-teacher-2p399-to-9p362-00066,0.634062,0.401160,0.681159,0.112676,nan,0.905353,0.562401,2.593631,1.294460,1.299171,11.9
pherc0814-native-fine-teacher-2p399-to-9p362-00067,0.641397,0.396068,0.780488,0.000000,nan,0.935980,0.557095,2.650088,1.393440,1.256649,10.8
pherc0814-native-fine-teacher-2p399-to-9p362-00068,0.700796,0.470690,0.927536,0.000000,nan,0.982819,0.616008,2.077856,1.062328,1.015528,11.6
pherc0814-native-fine-teacher-2p399-to-9p362-00069,0.710963,0.528511,0.717949,0.333333,nan,0.956232,0.622082,2.025017,0.924214,1.100803,10.9
pherc0814-native-fine-teacher-2p399-to-9p362-00070,0.655997,0.402470,0.793103,0.000000,nan,0.958250,0.571052,2.503847,1.354021,1.149826,11.8
pherc0814-native-fine-teacher-2p399-to-9p362-00071,0.648776,0.441551,0.795455,0.076923,nan,0.909783,0.565391,2.562293,1.167476,1.394818,10.8
pherc0814-native-fine-teacher-2p399-to-9p362-00072,0.687440,0.473632,0.933333,0.000000,nan,0.959797,0.598347,2.237574,1.156458,1.081116,11.4
pherc0814-native-fine-teacher-2p399-to-9p362-00073,0.669621,0.397145,0.782609,0.000000,nan,0.937884,0.634909,1.916767,0.861451,1.055316,11.4
pherc0814-native-fine-teacher-2p399-to-9p362-00074,0.638454,0.353018,0.695652,0.000000,nan,0.917317,0.604251,2.183141,1.066707,1.116433,11.5
pherc0814-native-fine-teacher-2p399-to-9p362-00075,0.694654,0.750000,0.750000,nan,nan,0.644908,0.696961,1.449334,0.924130,0.525204,11.1
pherc0814-native-fine-teacher-2p399-to-9p362-00076,0.673536,0.417959,0.780488,0.044444,nan,0.958567,0.607570,2.153003,1.016696,1.136308,12.0
pherc0814-native-fine-teacher-2p399-to-9p362-00077,0.610434,0.295485,0.582278,0.000000,nan,0.924770,0.566054,2.555391,1.290561,1.264830,11.4
pherc0814-native-fine-teacher-2p399-to-9p362-00078,0.595709,0.302963,0.597015,0.000000,nan,0.883060,0.559284,2.626663,1.242327,1.384335,11.5
pherc0814-native-fine-teacher-2p399-to-9p362-00079,0.506718,0.273869,0.539683,0.000000,nan,0.703559,0.509464,3.209494,1.442393,1.767101,10.5
pherc0814-native-fine-teacher-2p399-to-9p362-00080,0.562147,0.242700,0.478261,0.000000,nan,0.823723,0.574383,2.469994,1.043713,1.426282,11.2
pherc0814-native-fine-teacher-2p399-to-9p362-00081,0.551813,0.288019,0.567568,0.000000,nan,0.772132,0.557603,2.644638,0.900482,1.744156,11.5
pherc0814-native-fine-teacher-2p399-to-9p362-00082,0.689855,0.475071,0.936170,0.000000,nan,0.968979,0.594832,2.270489,1.401089,0.869400,11.6
pherc0814-native-fine-teacher-2p399-to-9p362-00083,0.676531,0.467571,0.727273,0.200000,nan,0.959376,0.572796,2.486072,1.347657,1.138415,10.8
pherc0814-native-fine-teacher-2p399-to-9p362-00084,0.697101,0.470331,0.926829,0.000000,nan,0.984126,0.604451,2.181309,1.301983,0.879327,11.7
pherc0814-native-fine-teacher-2p399-to-9p362-00085,0.655602,0.401741,0.791667,0.000000,nan,0.957920,0.570877,2.505633,1.375609,1.130024,11.6
pherc0814-native-fine-teacher-2p399-to-9p362-00086,0.707806,0.474723,0.935484,0.000000,nan,0.980346,0.635052,1.915584,1.015115,0.900469,11.4
pherc0814-native-fine-teacher-2p399-to-9p362-00087,0.546095,0.135323,0.266667,0.000000,nan,0.747100,0.697180,1.447833,0.587884,0.859948,11.0
pherc0814-native-fine-teacher-2p399-to-9p362-00088,0.809176,0.666667,0.666667,nan,nan,0.973367,0.767136,1.011833,0.214613,0.797220,11.1
pherc0814-native-fine-teacher-2p399-to-9p362-00089,0.408546,0.092266,0.181818,0.000000,nan,0.433158,0.655031,1.755484,0.714863,1.040621,11.1
pherc0814-native-fine-teacher-2p399-to-9p362-00090,0.637187,0.385339,0.620690,0.142857,nan,0.905247,0.584998,2.364696,1.050230,1.314465,11.7
pherc0814-native-fine-teacher-2p399-to-9p362-00091,0.586412,0.354731,0.699029,0.000000,nan,0.838392,0.533017,2.920380,1.260570,1.659810,11.1
pherc0814-native-fine-teacher-2p399-to-9p362-00092,0.573678,0.311398,0.613636,0.000000,nan,0.832728,0.539439,2.845920,1.192164,1.653757,11.7
pherc0814-native-fine-teacher-2p399-to-9p362-00093,0.474161,0.317164,0.625000,0.000000,nan,0.592217,0.490674,3.460047,0.858725,2.601322,11.4
pherc0814-native-fine-teacher-2p399-to-9p362-00094,0.664512,0.437468,0.862069,0.000000,nan,0.936457,0.587176,2.343558,1.324671,1.018887,11.7
pherc0814-native-fine-teacher-2p399-to-9p362-00095,0.517998,0.243010,0.478873,0.000000,nan,0.756732,0.514967,3.139570,1.675711,1.463859,11.5
pherc0814-native-fine-teacher-2p399-to-9p362-00096,0.499179,0.190299,0.375000,0.000000,nan,0.666575,0.596537,2.254469,1.101540,1.152929,11.3
pherc0814-native-fine-teacher-2p399-to-9p362-00097,0.584233,0.338308,0.666667,0.000000,nan,0.767299,0.611959,2.113657,0.908917,1.204741,11.2
pherc0814-native-fine-teacher-2p399-to-9p362-00098,0.605421,0.338308,0.666667,0.000000,nan,0.883068,0.556728,2.654031,1.415697,1.238333,11.0
pherc0814-native-fine-teacher-2p399-to-9p362-00099,0.853996,0.975835,0.952381,1.000000,nan,0.999302,0.604256,2.183095,1.173719,1.009376,10.9
pherc0814-native-fine-teacher-2p399-to-9p362-00100,0.581960,0.287243,0.566038,0.000000,nan,0.864742,0.551791,2.707601,1.401063,1.306539,11.7
pherc0814-native-fine-teacher-2p399-to-9p362-00101,0.769749,0.686708,0.867925,0.500000,nan,0.999231,0.611444,2.118241,1.169788,0.948454,11.0
pherc0814-native-fine-teacher-2p399-to-9p362-00102,0.658460,0.394693,0.777778,0.000000,nan,0.974528,0.568477,2.530286,1.443490,1.086796,11.3
pherc0814-native-fine-teacher-2p399-to-9p362-00103,0.581079,0.313249,0.617284,0.000000,nan,0.845194,0.546532,2.765733,1.326999,1.438735,11.4
pherc0814-native-fine-teacher-2p399-to-9p362-00104,0.663440,0.405970,0.800000,0.000000,nan,0.977588,0.569980,2.514827,1.316736,1.198090,11.0
pherc0814-native-fine-teacher-2p399-to-9p362-00105,0.401626,0.161313,0.317881,0.000000,nan,0.539429,0.469806,3.761791,0.885413,2.876378,11.4
pherc0814-native-fine-teacher-2p399-to-9p362-00106,0.427199,0.080952,0.238095,0.000000,0.000000,0.686053,0.465128,3.833147,1.236274,2.596873,11.8
pherc0814-native-fine-teacher-2p399-to-9p362-00107,0.614041,0.330706,0.651685,0.000000,nan,0.922996,0.547945,2.750007,1.315041,1.434966,11.6
pherc0814-native-fine-teacher-2p399-to-9p362-00108,0.417804,0.103564,0.204082,0.000000,nan,0.628393,0.476564,3.661174,1.227530,2.433645,12.4
pherc0814-native-fine-teacher-2p399-to-9p362-00109,0.621309,0.304478,0.600000,0.000000,nan,0.882997,0.631192,1.947681,0.971532,0.976149,10.7
pherc0814-native-fine-teacher-2p399-to-9p362-00110,0.452858,0.118261,0.347826,0.000000,0.000000,0.570990,0.621523,2.029832,0.484114,1.545718,11.3
pherc0814-native-fine-teacher-2p399-to-9p362-00111,0.404794,0.137617,0.271186,0.000000,nan,0.549410,0.489188,3.480682,0.964319,2.516364,11.5
pherc0814-native-fine-teacher-2p399-to-9p362-00112,0.614417,0.398721,0.785714,0.000000,nan,0.804542,0.609174,2.138557,1.123296,1.015261,11.6
pherc0814-native-fine-teacher-2p399-to-9p362-00113,0.650970,0.378290,0.745455,0.000000,nan,0.943796,0.591870,2.298531,1.032089,1.266441,11.0
pherc0814-native-fine-teacher-2p399-to-9p362-00114,0.666919,0.378447,0.745763,0.000000,nan,0.960033,0.621066,2.033783,1.052843,0.980941,11.8
pherc0814-native-fine-teacher-2p399-to-9p362-00115,0.653546,0.416619,0.723926,0.100000,nan,0.936981,0.573191,2.482063,1.183415,1.298648,11.0
pherc0814-native-fine-teacher-2p399-to-9p362-00116,0.403939,0.075180,0.148148,0.000000,nan,0.564635,0.525036,3.015437,0.671771,2.343666,11.3
pherc0814-native-fine-teacher-2p399-to-9p362-00117,0.610337,0.286561,0.538462,0.027027,nan,0.905726,0.592470,2.292831,1.205774,1.087057,11.0
pherc0814-native-fine-teacher-2p399-to-9p362-00118,0.436383,0.094088,0.276730,0.000000,0.000000,0.693156,0.473005,3.713806,1.295625,2.418181,11.6
pherc0814-native-fine-teacher-2p399-to-9p362-00119,0.409675,0.066943,0.196891,0.000000,0.000000,0.650431,0.462690,3.870919,1.278706,2.592213,11.8
pherc0814-native-fine-teacher-2p399-to-9p362-00120,0.611719,0.330156,0.650602,0.000000,nan,0.917257,0.547520,2.754730,1.361948,1.392782,12.1
pherc0814-native-fine-teacher-2p399-to-9p362-00121,0.455823,0.093333,0.274510,0.000000,0.000000,0.686316,0.536034,2.885181,1.037305,1.847875,11.3
pherc0814-native-fine-teacher-2p399-to-9p362-00122,0.651924,0.304478,0.600000,0.000000,nan,0.921894,0.679765,1.570325,0.657840,0.912486,11.2
pherc0814-native-fine-teacher-2p399-to-9p362-00123,0.713917,0.612769,0.722222,0.500000,nan,0.945979,0.568555,2.529487,1.291829,1.237658,11.2
pherc0814-native-fine-teacher-2p399-to-9p362-00124,0.456623,0.232587,0.458333,0.000000,nan,0.561696,0.543582,2.798832,0.802985,1.995847,11.9
pherc0814-native-fine-teacher-2p399-to-9p362-00125,0.680817,0.524751,0.756757,0.285714,nan,0.947270,0.548135,2.747889,1.316345,1.431544,11.3
pherc0814-native-fine-teacher-2p399-to-9p362-00126,0.527216,0.258267,0.448276,0.062500,nan,0.746052,0.538908,2.852019,1.035424,1.816595,11.4
pherc0814-native-fine-teacher-2p399-to-9p362-00127,0.627400,0.322931,0.636364,0.000000,nan,0.956103,0.559670,2.622555,1.320325,1.302230,11.6
pherc0814-native-fine-teacher-2p399-to-9p362-00128,0.638513,0.371314,0.731707,0.000000,nan,0.948083,0.557970,2.640703,1.343398,1.297306,11.7
pherc0814-native-fine-teacher-2p399-to-9p362-00129,0.347890,0.118768,0.234043,0.000000,nan,0.414254,0.477917,3.641375,0.684371,2.957004,11.0
pherc0814-native-fine-teacher-2p399-to-9p362-00130,0.638082,0.397145,0.782609,0.000000,nan,0.908408,0.574275,2.471088,1.300186,1.170903,11.2
pherc0814-native-fine-teacher-2p399-to-9p362-00131,0.640968,0.422692,0.780488,0.054054,nan,0.919851,0.549179,2.736332,1.369246,1.367086,11.3
pherc0814-native-fine-teacher-2p399-to-9p362-00132,0.631741,0.384752,0.725490,0.085106,0.333333,0.949459,0.525730,3.007063,1.472204,1.534858,12.0
pherc0814-native-fine-teacher-2p399-to-9p362-00133,0.666435,0.406935,0.756757,0.046512,nan,0.976378,0.578922,2.424496,1.251369,1.173127,11.4
pherc0814-native-fine-teacher-2p399-to-9p362-00134,0.657709,0.412078,0.745098,0.068966,nan,0.965262,0.560697,2.611644,1.281751,1.329893,11.9
pherc0814-native-fine-teacher-2p399-to-9p362-00135,0.651276,0.442294,0.737705,0.137931,nan,0.945117,0.536561,2.879068,1.475194,1.403874,11.5
pherc0814-native-fine-teacher-2p399-to-9p362-00136,0.663528,0.414351,0.735632,0.083333,nan,0.963342,0.577295,2.440724,1.193290,1.247433,11.6
pherc0814-native-fine-teacher-2p399-to-9p362-00137,0.374957,0.140962,0.277778,0.000000,nan,0.467439,0.483042,3.567375,1.153906,2.413469,11.2
pherc0814-native-fine-teacher-2p399-to-9p362-00138,0.679104,0.380597,0.750000,0.000000,nan,0.981902,0.632168,1.939527,1.040894,0.898633,11.6
pherc0814-native-fine-teacher-2p399-to-9p362-00139,0.669321,0.394220,0.764045,0.074074,0.333333,0.979388,0.595056,2.268381,1.115817,1.152564,11.7
pherc0814-native-fine-teacher-2p399-to-9p362-00140,0.695363,0.479705,0.899083,0.047619,nan,0.980828,0.594749,2.271275,1.081353,1.189922,11.8
pherc0814-native-fine-teacher-2p399-to-9p362-00141,0.630382,0.377229,0.743363,0.000000,nan,0.931359,0.546394,2.767268,1.453705,1.313563,11.5
pherc0814-native-fine-teacher-2p399-to-9p362-00142,0.626174,0.359619,0.708661,0.000000,nan,0.932397,0.548427,2.744656,1.478211,1.266445,11.4
pherc0814-native-fine-teacher-2p399-to-9p362-00143,0.600609,0.341470,0.672897,0.000000,nan,0.886463,0.536874,2.875450,1.444791,1.430659,11.3
pherc0814-native-fine-teacher-2p399-to-9p362-00144,0.626739,0.364332,0.717949,0.000000,nan,0.930234,0.548164,2.747570,1.442546,1.305025,11.8
pherc0814-native-fine-teacher-2p399-to-9p362-00145,0.602466,0.318111,0.626866,0.000000,nan,0.890094,0.558571,2.634274,1.272150,1.362125,11.3
pherc0814-native-fine-teacher-2p399-to-9p362-00146,0.625796,0.355298,0.673913,0.027027,nan,0.920149,0.563299,2.584186,1.382095,1.202091,11.5
pherc0814-native-fine-teacher-2p399-to-9p362-00147,0.693741,0.439801,0.866667,0.000000,nan,0.986430,0.618715,2.054179,1.029417,1.024762,11.8
pherc0814-native-fine-teacher-2p399-to-9p362-00148,0.617907,0.385339,0.620690,0.142857,nan,0.774595,0.660562,1.712877,0.593073,1.119804,11.9
pherc0814-native-fine-teacher-2p399-to-9p362-00149,0.482575,0.237602,0.454545,0.014085,nan,0.570919,0.604210,2.183516,0.668529,1.514988,11.4
pherc0814-native-fine-teacher-2p399-to-9p362-00150,0.674385,0.399819,0.787879,0.000000,nan,0.959084,0.625027,1.999766,0.997733,1.002033,11.5
pherc0814-native-fine-teacher-2p399-to-9p362-00151,0.591743,0.337405,0.640000,0.025641,nan,0.798811,0.602681,2.197513,1.115196,1.082317,11.2
pherc0814-native-fine-teacher-2p399-to-9p362-00152,0.582783,0.271230,0.534483,0.000000,nan,0.899991,0.532622,2.925012,1.717375,1.207637,11.6
pherc0814-native-fine-teacher-2p399-to-9p362-00153,0.605663,0.345997,0.681818,0.000000,nan,0.836233,0.597665,2.243931,1.072148,1.171782,10.9
pherc0814-native-fine-teacher-2p399-to-9p362-00154,0.628985,0.298507,0.588235,0.000000,nan,0.871259,0.669979,1.641945,0.737310,0.904636,11.2
pherc0814-native-fine-teacher-2p399-to-9p362-00155,0.606971,0.338308,0.666667,0.000000,nan,0.864162,0.580062,2.413183,1.174757,1.238426,11.2
pherc0814-native-fine-teacher-2p399-to-9p362-00156,0.690205,0.492198,0.727273,0.250000,nan,0.917595,0.632535,1.936468,1.082750,0.853718,12.1
pherc0814-native-fine-teacher-2p399-to-9p362-00157,0.757386,0.566771,0.631579,0.500000,nan,0.970428,0.707728,1.376576,0.690561,0.686015,11.4
pherc0814-native-fine-teacher-2p399-to-9p362-00158,0.622398,0.327395,0.645161,0.000000,nan,0.926872,0.570783,2.506596,1.208771,1.297825,11.6
pherc0814-native-fine-teacher-2p399-to-9p362-00159,0.533380,0.209985,0.413793,0.000000,nan,0.804529,0.539427,2.846067,1.101602,1.744465,11.1
pherc0814-native-fine-teacher-2p399-to-9p362-00160,0.603066,0.326840,0.644068,0.000000,nan,0.873304,0.569593,2.518803,0.965061,1.553742,11.6
pherc0814-native-fine-teacher-2p399-to-9p362-00161,0.550848,0.279104,0.550000,0.000000,nan,0.750306,0.584313,2.371369,0.780453,1.590917,11.1
pherc0814-native-fine-teacher-2p399-to-9p362-00162,0.399610,0.134047,0.264151,0.000000,nan,0.563856,0.462989,3.866266,1.122509,2.743756,11.8
pherc0814-native-fine-teacher-2p399-to-9p362-00163,0.336162,0.169154,0.333333,0.000000,nan,0.359116,0.456359,3.970858,0.760108,3.210750,11.1
pherc0814-native-fine-teacher-2p399-to-9p362-00164,0.675916,0.369064,0.727273,0.000000,nan,0.965566,0.649283,1.800534,0.776645,1.023889,12.0
pherc0814-native-fine-teacher-2p399-to-9p362-00165,0.688606,0.372139,0.733333,0.000000,nan,0.994044,0.654425,1.760195,0.897878,0.862317,11.7
pherc0814-native-fine-teacher-2p399-to-9p362-00166,0.598238,0.302318,0.595745,0.000000,nan,0.906570,0.543552,2.799169,1.491408,1.307761,11.9
pherc0814-native-fine-teacher-2p399-to-9p362-00167,0.616274,0.364769,0.687500,0.032258,nan,0.891457,0.556668,2.654678,1.214577,1.440101,11.4
pherc0814-native-fine-teacher-2p399-to-9p362-00168,0.579382,0.281924,0.555556,0.000000,nan,0.857368,0.556360,2.657990,1.452384,1.205606,11.8
pherc0814-native-fine-teacher-2p399-to-9p362-00169,0.608463,0.359127,0.707692,0.000000,nan,0.871232,0.559412,2.625309,1.171523,1.453786,11.5
pherc0814-native-fine-teacher-2p399-to-9p362-00170,0.681666,0.419208,0.826087,0.000000,nan,0.957563,0.630731,1.951537,1.004495,0.947043,11.8
pherc0814-native-fine-teacher-2p399-to-9p362-00171,0.698131,0.431635,0.850575,0.000000,nan,0.988307,0.636381,1.904620,1.017469,0.887151,11.7
pherc0814-native-fine-teacher-2p399-to-9p362-00172,0.391060,0.084577,0.166667,0.000000,nan,0.433108,0.611712,2.115853,0.668815,1.447038,11.8
pherc0814-native-fine-teacher-2p399-to-9p362-00173,0.653753,0.373920,0.736842,0.000000,nan,0.956685,0.590678,2.309895,1.413831,0.896064,11.0
pherc0814-native-fine-teacher-2p399-to-9p362-00174,0.602968,0.353632,0.575540,0.125000,nan,0.873123,0.546528,2.765770,1.479936,1.285833,11.8
pherc0814-native-fine-teacher-2p399-to-9p362-00175,0.700094,0.514405,0.837209,0.181818,nan,0.985072,0.574279,2.471051,1.255607,1.215443,10.9
pherc0814-native-fine-teacher-2p399-to-9p362-00176,0.674079,0.369064,0.727273,0.000000,nan,0.951061,0.658539,1.728376,0.809436,0.918940,11.6
pherc0814-native-fine-teacher-2p399-to-9p362-00177,0.720978,0.544989,0.685714,0.400000,nan,0.973306,0.619496,2.047382,1.080337,0.967045,10.3
pherc0814-native-fine-teacher-2p399-to-9p362-00178,0.752386,0.629851,0.852941,0.400000,nan,0.982787,0.627015,1.982858,1.073943,0.908916,11.9
pherc0814-native-fine-teacher-2p399-to-9p362-00179,0.516182,0.192486,0.379310,0.000000,nan,0.727152,0.582665,2.387506,0.754705,1.632802,11.6
pherc0814-native-fine-teacher-2p399-to-9p362-00180,0.735382,0.507463,1.000000,0.000000,nan,0.986868,0.679254,1.574012,0.809692,0.764320,11.7
pherc0814-native-fine-teacher-2p399-to-9p362-00181,0.641367,0.286261,0.564103,0.000000,nan,0.974275,0.612835,2.105868,1.003636,1.102232,11.1
pherc0814-native-fine-teacher-2p399-to-9p362-00182,0.696993,0.452602,0.891892,0.000000,nan,0.983245,0.620219,2.041112,1.071879,0.969233,11.8
pherc0814-native-fine-teacher-2p399-to-9p362-00183,0.843306,0.912281,0.912281,nan,nan,0.992154,0.635338,1.913219,1.032900,0.880319,11.2
pherc0814-native-fine-teacher-2p399-to-9p362-00184,0.607266,0.313504,0.591195,0.027397,nan,0.919459,0.546870,2.761960,1.432941,1.329019,11.8
pherc0814-native-fine-teacher-2p399-to-9p362-00185,0.686779,0.465672,0.917647,0.000000,nan,0.973074,0.590005,2.316335,1.354573,0.961762,11.6
pherc0814-native-fine-teacher-2p399-to-9p362-00186,0.652732,0.384448,0.731707,0.026667,nan,0.941226,0.594194,2.276503,1.154347,1.122157,12.1
pherc0814-native-fine-teacher-2p399-to-9p362-00187,0.649192,0.322931,0.636364,0.000000,nan,0.910657,0.667379,1.661331,0.718230,0.943101,10.9
pherc0814-native-fine-teacher-2p399-to-9p362-00188,0.888799,0.956522,0.956522,nan,nan,0.992277,0.727272,1.250007,0.570558,0.679449,11.7
pherc0814-native-fine-teacher-2p399-to-9p362-00189,0.672904,0.395425,0.779221,0.000000,nan,0.959987,0.623659,2.011467,1.036519,0.974947,11.5
pherc0814-native-fine-teacher-2p399-to-9p362-00190,0.638326,0.385415,0.759494,0.000000,nan,0.928303,0.565130,2.565016,1.281023,1.283993,11.0
pherc0814-native-fine-teacher-2p399-to-9p362-00191,0.600854,0.284179,0.560000,0.000000,nan,0.815831,0.657314,1.737808,0.788178,0.949630,11.2
pherc0814-native-fine-teacher-2p399-to-9p362-00192,0.572905,0.275659,0.543210,0.000000,nan,0.853137,0.547454,2.755453,1.417858,1.337595,11.8
pherc0814-native-fine-teacher-2p399-to-9p362-00193,0.558952,0.260589,0.513514,0.000000,nan,0.829186,0.544457,2.788973,1.510776,1.278196,11.3
pherc0814-native-fine-teacher-2p399-to-9p362-00194,0.637736,0.241649,0.476190,0.000000,nan,0.934713,0.680262,1.566740,0.684792,0.881948,11.3
pherc0814-native-fine-teacher-2p399-to-9p362-00195,0.623264,0.260981,0.514286,0.000000,nan,0.907375,0.649680,1.797394,0.805906,0.991488,11.2
pherc0814-native-fine-teacher-2p399-to-9p362-00196,0.659990,0.364332,0.717949,0.000000,nan,0.945987,0.627414,1.979479,1.001271,0.978208,11.8
pherc0814-native-fine-teacher-2p399-to-9p362-00197,0.564712,0.278286,0.548387,0.000000,nan,0.858642,0.516289,3.122998,1.519905,1.603093,10.6
pherc0814-native-fine-teacher-2p399-to-9p362-00198,0.557561,0.253731,0.500000,0.000000,nan,0.798014,0.577534,2.438333,0.842565,1.595767,12.0
pherc0814-native-fine-teacher-2p399-to-9p362-00199,0.761105,0.729211,0.882353,0.571429,nan,0.951539,0.598008,2.240728,1.368085,0.872644,11.7
pherc0814-native-fine-teacher-2p399-to-9p362-00200,0.569089,0.276798,0.545455,0.000000,nan,0.860057,0.528657,2.971956,1.394734,1.577221,11.8
pherc0814-native-fine-teacher-2p399-to-9p362-00201,0.523652,0.000000,0.000000,0.000000,nan,0.797187,0.698963,1.435636,0.963585,0.472051,11.2
pherc0814-native-fine-teacher-2p399-to-9p362-00202,0.559677,0.224074,0.441558,0.000000,nan,0.851152,0.555862,2.663359,1.193643,1.469716,11.2
pherc0814-native-fine-teacher-2p399-to-9p362-00203,0.656803,0.351320,0.692308,0.000000,nan,0.926811,0.648638,1.805642,0.854816,0.950826,11.0
pherc0814-native-fine-teacher-2p399-to-9p362-00204,0.655605,0.384972,0.758621,0.000000,nan,0.888779,0.654403,1.760370,0.797898,0.962472,11.8
pherc0814-native-fine-teacher-2p399-to-9p362-00205,0.551083,0.240377,0.473684,0.000000,nan,0.771582,0.596903,2.251050,0.873448,1.377602,11.0
pherc0814-native-fine-teacher-2p399-to-9p362-00206,0.627001,0.346560,0.682927,0.000000,nan,0.887196,0.607184,2.156488,1.050171,1.106317,11.7
pherc0814-native-fine-teacher-2p399-to-9p362-00207,0.812547,0.799574,0.928571,0.666667,nan,0.999817,0.636397,1.904490,0.985052,0.919438,10.9
pherc0814-native-fine-teacher-2p399-to-9p362-00208,0.559571,0.264763,0.521739,0.000000,nan,0.797492,0.574341,2.470417,1.089133,1.381284,11.2
pherc0814-native-fine-teacher-2p399-to-9p362-00209,0.490807,0.225539,0.444444,0.000000,nan,0.680732,0.528256,2.976742,1.924115,1.052627,11.7
pherc0814-native-fine-teacher-2p399-to-9p362-00210,0.516176,0.222449,0.438356,0.000000,nan,0.756331,0.527788,2.982331,1.508833,1.473498,11.5
pherc0814-native-fine-teacher-2p399-to-9p362-00211,0.507344,0.211024,0.415842,0.000000,nan,0.728978,0.539699,2.842946,1.306588,1.536358,11.6
pherc0814-native-fine-teacher-2p399-to-9p362-00212,0.530971,0.261855,0.490798,0.025974,nan,0.789878,0.502735,3.297062,2.083878,1.213184,12.0
pherc0814-native-fine-teacher-2p399-to-9p362-00213,0.544757,0.314144,0.619048,0.000000,nan,0.769164,0.518018,3.101450,0.970921,2.130529,11.8
pherc0814-native-fine-teacher-2p399-to-9p362-00214,0.541573,0.271569,0.487805,0.048780,nan,0.755070,0.559507,2.624292,0.989287,1.635004,11.4
pherc0814-native-fine-teacher-2p399-to-9p362-00215,0.665886,0.429392,0.846154,0.000000,nan,0.961993,0.572489,2.489192,1.435002,1.054190,11.8
pherc0814-native-fine-teacher-2p399-to-9p362-00216,0.539003,0.284296,0.479167,0.034483,0.333333,0.781859,0.514468,3.145847,1.911803,1.234044,11.6
pherc0814-native-fine-teacher-2p399-to-9p362-00217,0.588960,0.314357,0.619469,0.000000,nan,0.867097,0.546197,2.769470,1.376466,1.393004,11.4
pherc0814-native-fine-teacher-2p399-to-9p362-00218,0.639518,0.388060,0.764706,0.000000,nan,0.924788,0.569782,2.516853,1.348158,1.168695,11.4
pherc0814-native-fine-teacher-2p399-to-9p362-00219,0.576624,0.241649,0.476190,0.000000,nan,0.843644,0.596727,2.252691,1.092116,1.160576,11.5
pherc0814-native-fine-teacher-2p399-to-9p362-00220,0.594520,0.323599,0.637681,0.000000,nan,0.858244,0.563015,2.587175,1.198923,1.388252,11.2
pherc0814-native-fine-teacher-2p399-to-9p362-00221,0.587402,0.295036,0.581395,0.000000,nan,0.883010,0.542395,2.812252,1.336368,1.475884,12.0
pherc0814-native-fine-teacher-2p399-to-9p362-00222,0.609101,0.338308,0.666667,0.000000,nan,0.881139,0.569173,2.523122,1.179066,1.344056,11.6
pherc0814-native-fine-teacher-2p399-to-9p362-00223,0.657080,0.281450,0.000000,0.571429,nan,0.868951,0.767177,1.011599,0.244072,0.767527,11.3
pherc0814-native-fine-teacher-2p399-to-9p362-00224,0.608666,0.247543,0.487805,0.000000,nan,0.890506,0.636360,1.904794,1.059459,0.845335,11.3
pherc0814-native-fine-teacher-2p399-to-9p362-00225,0.662264,0.425903,0.645161,0.200000,nan,0.877361,0.649761,1.796758,1.033133,0.763625,11.3
pherc0814-native-fine-teacher-2p399-to-9p362-00226,0.684015,0.559488,0.714286,0.400000,nan,0.842361,0.632407,1.937537,1.095057,0.842480,11.0
pherc0814-native-fine-teacher-2p399-to-9p362-00227,0.483643,0.171757,0.338462,0.000000,nan,0.702121,0.532497,2.926478,1.103983,1.822495,11.5
pherc0814-native-fine-teacher-2p399-to-9p362-00228,0.390726,0.119034,0.234568,0.000000,nan,0.538993,0.475337,3.679238,0.957410,2.721828,11.1
pherc0814-native-fine-teacher-2p399-to-9p362-00229,0.584490,0.253731,0.500000,0.000000,nan,0.877167,0.575320,2.460548,1.448198,1.012350,11.3
pherc0814-native-fine-teacher-2p399-to-9p362-00230,0.398636,0.085000,0.250000,0.000000,0.000000,0.598829,0.467275,3.800229,1.177620,2.622609,11.3
pherc0814-native-fine-teacher-2p399-to-9p362-00231,0.593340,0.292767,0.576923,0.000000,nan,0.862846,0.581468,2.399287,1.287265,1.112022,11.1
pherc0814-native-fine-teacher-2p399-to-9p362-00232,0.440169,0.123771,0.243902,0.000000,nan,0.622667,0.528870,2.969416,0.682405,2.287011,10.4
pherc0814-native-fine-teacher-2p399-to-9p362-00233,0.575275,0.289979,0.571429,0.000000,nan,0.842116,0.552973,2.694683,1.099202,1.595481,10.5
pherc0814-native-fine-teacher-2p399-to-9p362-00234,0.614245,0.338308,0.666667,0.000000,nan,0.896789,0.568218,2.532962,1.406418,1.126545,10.7
pherc0814-native-fine-teacher-2p399-to-9p362-00235,0.560682,0.260953,0.494624,0.020202,nan,0.854474,0.523801,3.030407,1.311911,1.718496,10.8
pherc0814-native-fine-teacher-2p399-to-9p362-00236,0.679265,0.402140,0.792453,0.000000,nan,0.969090,0.626974,1.983209,0.971217,1.011992,11.2
pherc0814-native-fine-teacher-2p399-to-9p362-00237,0.547018,0.202000,0.400000,0.000000,0.200000,0.782325,0.607442,2.154159,0.939472,1.214687,10.6
pherc0814-native-fine-teacher-2p399-to-9p362-00238,0.561270,0.348881,0.687500,0.000000,nan,0.755415,0.549172,2.736407,1.153104,1.583302,10.5
pherc0814-native-fine-teacher-2p399-to-9p362-00239,0.680391,0.377647,0.744186,0.000000,nan,0.969728,0.650548,1.790551,0.907368,0.883182,10.9
pherc0814-native-fine-teacher-2p399-to-9p362-00240,0.677947,0.402140,0.792453,0.000000,nan,0.969341,0.622958,2.017481,1.023851,0.993630,10.7
pherc0814-native-fine-teacher-2p399-to-9p362-00241,0.658357,0.406050,0.739496,0.062500,nan,0.966245,0.566732,2.548340,1.337772,1.210568,10.8
pherc0814-native-fine-teacher-2p399-to-9p362-00242,0.635112,0.367101,0.723404,0.000000,nan,0.935800,0.564148,2.575277,0.970286,1.604991,10.6
pherc0814-native-fine-teacher-2p399-to-9p362-00243,0.651737,0.402748,0.793651,0.000000,nan,0.942717,0.574176,2.472092,1.119127,1.352964,10.3
pherc0814-native-fine-teacher-2p399-to-9p362-00244,0.479591,0.162889,0.320988,0.000000,nan,0.709779,0.520861,3.066326,1.627245,1.439081,10.7
pherc0814-native-fine-teacher-2p399-to-9p362-00245,0.651722,0.378109,0.745098,0.000000,nan,0.956579,0.581390,2.400052,1.175439,1.224613,10.5
pherc0814-native-fine-teacher-2p399-to-9p362-00246,0.636040,0.398915,0.727273,0.060606,nan,0.848926,0.626404,1.988046,0.862588,1.125458,10.9
pherc0814-native-fine-teacher-2p399-to-9p362-00247,0.540664,0.245623,0.528302,0.000000,0.200000,0.780181,0.554040,2.683082,1.420518,1.262565,10.8
pherc0814-native-fine-teacher-2p399-to-9p362-00248,0.579586,0.315755,0.622222,0.000000,nan,0.845972,0.539341,2.847053,1.718315,1.128738,10.8
pherc0814-native-fine-teacher-2p399-to-9p362-00249,0.631718,0.346269,0.682353,0.000000,nan,0.946194,0.561912,2.598795,1.262453,1.336343,10.7
pherc0814-native-fine-teacher-2p399-to-9p362-00250,0.670766,0.488863,0.769231,0.200000,nan,0.894065,0.603384,2.191063,1.164430,1.026633,10.6
pherc0814-native-fine-teacher-2p399-to-9p362-00251,0.537233,0.250436,0.493506,0.000000,nan,0.749648,0.570645,2.508007,1.252481,1.255527,10.5
pherc0814-native-fine-teacher-2p399-to-9p362-00252,0.662477,0.431343,0.850000,0.000000,nan,0.947988,0.575080,2.462964,1.385324,1.077640,12.2
pherc0814-native-fine-teacher-2p399-to-9p362-00253,0.688035,0.397145,0.782609,0.000000,nan,0.989927,0.635479,1.912055,0.999677,0.912378,10.2
pherc0814-native-fine-teacher-2p399-to-9p362-00254,0.740163,0.599147,0.857143,0.333333,nan,0.963924,0.637272,1.897295,0.933958,0.963337,11.2
pherc0814-native-fine-teacher-2p399-to-9p362-00255,0.666979,0.495976,0.838710,0.142857,nan,0.888634,0.591899,2.298260,1.179372,1.118888,10.5
pherc1451-native-teacher-registered-8.64um-00001,0.907285,1.000000,1.000000,nan,nan,1.000000,0.735100,1.201197,0.557080,0.644118,11.1
pherc1451-native-teacher-registered-8.64um-00002,0.706682,0.507463,1.000000,0.000000,nan,0.952973,0.631152,1.948018,0.932628,1.015390,11.0
pherc1451-native-teacher-registered-8.64um-00004,0.788851,0.697347,0.888889,0.500000,nan,0.996554,0.659579,1.720395,0.891210,0.829185,11.0
pherc1451-native-teacher-registered-8.64um-00005,0.846179,0.666667,nan,0.666667,nan,1.000000,0.846225,0.605727,0.044642,0.561085,11.1
pherc1451-native-teacher-registered-8.64um-00006,0.678480,0.415197,0.818182,0.000000,nan,0.929411,0.653219,1.769599,0.834564,0.935035,11.5
pherc1451-native-teacher-registered-8.64um-00007,0.722317,0.405970,0.800000,0.000000,nan,0.998887,0.716902,1.316303,0.614149,0.702154,11.4
pherc1451-native-teacher-registered-8.64um-00009,0.580631,0.156142,0.307692,0.000000,nan,0.794934,0.730175,1.231780,0.497642,0.734138,11.0
pherc1451-native-teacher-registered-8.64um-00012,0.649829,0.338308,0.666667,0.000000,nan,0.917619,0.649056,1.802326,0.910771,0.891556,11.2
pherc1451-native-teacher-registered-8.64um-00014,0.778417,0.666667,0.666667,nan,nan,0.991165,0.661456,1.706055,0.769499,0.936557,10.9
pherc1451-native-teacher-registered-8.64um-00016,0.707289,0.479033,0.666667,0.285714,nan,0.955515,0.654710,1.757983,0.891895,0.866088,10.9
pherc1451-native-teacher-registered-8.64um-00017,0.513932,0.000000,0.000000,nan,nan,0.615676,0.852702,0.575808,0.534884,0.040924,10.9
pherc1451-native-teacher-registered-8.64um-00019,0.708104,0.502488,0.666667,0.333333,nan,0.913211,0.679239,1.574119,0.852648,0.721471,11.2
pherc1451-native-teacher-registered-8.64um-00020,0.611471,0.434968,0.857143,0.000000,nan,0.779936,0.594294,2.275564,1.119837,1.155728,11.2
pherc1451-native-teacher-registered-8.64um-00021,0.537846,0.156142,0.307692,0.000000,nan,0.683542,0.719326,1.300637,0.604108,0.696528,11.0
pherc1451-native-teacher-registered-8.64um-00023,0.732476,0.615257,0.888889,0.333333,nan,0.976223,0.589203,2.324026,1.176726,1.147301,11.0
pherc1451-native-teacher-registered-8.64um-00024,0.852597,0.833333,0.833333,nan,nan,0.996019,0.725686,1.260024,0.642788,0.617236,11.2
pherc1451-native-teacher-registered-8.64um-00026,0.636559,0.253731,0.500000,0.000000,nan,0.945192,0.656064,1.747470,0.519852,1.227618,11.4
pherc1451-native-teacher-registered-8.64um-00027,0.618241,0.244982,0.482759,0.000000,nan,0.940194,0.616226,2.075937,0.865424,1.210513,11.5
pherc1451-native-teacher-registered-8.64um-00028,0.640320,0.217484,0.428571,0.000000,nan,0.899541,0.743530,1.149783,0.539412,0.610372,10.8
pherc1451-native-teacher-registered-8.64um-00029,0.568564,0.296020,0.583333,0.000000,nan,0.818892,0.551847,2.706991,1.436329,1.270661,11.3
pherc1451-native-teacher-registered-8.64um-00030,0.580649,0.101493,0.200000,0.000000,nan,0.869329,0.702675,1.410440,0.792018,0.618422,12.0
pherc1451-native-teacher-registered-8.64um-00031,0.660032,0.202985,0.400000,0.000000,nan,0.980957,0.730862,1.227491,0.465504,0.761987,11.2
pherc1451-native-teacher-registered-8.64um-00033,0.782623,0.652847,0.962963,0.333333,nan,0.986206,0.690276,1.495650,0.713845,0.781805,11.1
pherc1451-native-teacher-registered-8.64um-00034,0.650168,0.281924,0.555556,0.000000,nan,0.960632,0.655341,1.753074,0.742386,1.010688,11.2
pherc1451-native-teacher-registered-8.64um-00035,0.664767,0.369064,0.727273,0.000000,nan,0.888048,0.694947,1.463197,0.728241,0.734956,11.2
pherc1451-native-teacher-registered-8.64um-00036,0.492691,0.000000,0.000000,0.000000,nan,0.662007,0.745682,1.136846,0.875020,0.261825,10.8
pherc1451-native-teacher-registered-8.64um-00037,0.723948,0.666667,0.666667,nan,nan,0.846856,0.650139,1.793776,0.944893,0.848883,11.7
pherc1451-native-teacher-registered-8.64um-00038,0.644385,0.304478,0.600000,0.000000,nan,0.947427,0.632691,1.935169,0.735660,1.199508,11.0
pherc1451-native-teacher-registered-8.64um-00039,0.603665,0.217484,0.428571,0.000000,nan,0.890142,0.648201,1.809107,0.829376,0.979731,11.4
pherc1451-native-teacher-registered-8.64um-00040,0.506624,0.000000,0.000000,0.000000,nan,0.797409,0.650088,1.794180,0.892561,0.901619,11.6
pherc1451-native-teacher-registered-8.64um-00041,0.714428,0.400000,0.400000,nan,nan,0.937071,0.761294,1.045178,0.508160,0.537018,11.3
pherc1451-native-teacher-registered-8.64um-00042,0.663297,0.444030,0.875000,0.000000,nan,0.892797,0.621740,2.027964,0.975007,1.052957,10.9
pherc1451-native-teacher-registered-8.64um-00043,0.660370,0.369064,0.727273,0.000000,nan,0.956834,0.613598,2.099104,0.997199,1.101905,11.0
pherc1451-native-teacher-registered-8.64um-00044,0.678361,0.405970,0.800000,0.000000,nan,0.963628,0.626573,1.986615,0.975898,1.010717,11.0
pherc1451-native-teacher-registered-8.64um-00045,0.758320,0.544776,0.750000,0.333333,nan,0.973621,0.726055,1.257684,0.595205,0.662479,11.1
pherc1451-native-teacher-registered-8.64um-00046,0.537431,0.152239,0.300000,0.000000,nan,0.789898,0.615128,2.085593,0.559208,1.526386,11.2
pherc1451-native-teacher-registered-8.64um-00047,0.455268,0.000000,0.000000,0.000000,nan,0.656691,0.644076,1.842042,1.167626,0.674416,11.4
pherc1451-native-teacher-registered-8.64um-00048,0.739833,0.495854,0.888889,0.090909,nan,0.990706,0.698084,1.441643,0.735893,0.705750,11.0
pherc1451-native-teacher-registered-8.64um-00050,0.666064,0.408671,0.666667,0.142857,nan,0.920070,0.632682,1.935244,0.507151,1.428092,11.1
pherc1451-native-teacher-registered-8.64um-00051,0.785599,0.727273,0.727273,nan,nan,0.971386,0.649806,1.796400,0.899085,0.897315,11.2
pherc1451-native-teacher-registered-8.64um-00052,0.590753,0.202985,0.400000,0.000000,nan,0.827955,0.685923,1.526296,0.955931,0.570365,11.1
pherc1451-native-teacher-registered-8.64um-00053,0.838179,0.800000,0.800000,nan,nan,0.999726,0.709356,1.365767,0.661552,0.704214,10.7
pherc1451-native-teacher-registered-8.64um-00057,0.613460,0.312285,0.615385,0.000000,nan,0.864946,0.620124,2.041934,0.993145,1.048788,10.9
pherc1451-native-teacher-registered-8.64um-00060,0.566830,0.169154,0.333333,0.000000,nan,0.824625,0.649899,1.795671,0.688450,1.107221,10.9
pherc1451-native-teacher-registered-8.64um-00061,0.544950,0.211000,0.200000,0.100000,0.333333,0.760600,0.615544,2.081928,1.239036,0.842892,12.0
pherc1451-native-teacher-registered-8.64um-00062,0.693926,0.338308,0.666667,0.000000,nan,0.954282,0.738386,1.181020,0.499798,0.681222,11.4
pherc1451-native-teacher-registered-8.64um-00063,0.714552,0.552239,1.000000,0.090909,nan,0.894196,0.674034,1.612014,0.855606,0.756408,11.3
pherc1451-native-teacher-registered-8.64um-00065,0.756687,0.615385,0.615385,nan,nan,0.934105,0.700384,1.425962,0.628737,0.797225,10.9
pherc1451-native-teacher-registered-8.64um-00066,0.668197,0.422886,0.833333,0.000000,nan,0.909302,0.637358,1.896587,0.923295,0.973291,11.3
pherc1451-native-teacher-registered-8.64um-00067,0.605143,0.285448,0.562500,0.000000,nan,0.812130,0.672179,1.625664,0.848404,0.777260,10.8
pherc1451-native-teacher-registered-8.64um-00068,0.742945,0.507463,1.000000,0.000000,nan,0.987521,0.700211,1.427135,0.627225,0.799910,11.3
pherc1451-native-teacher-registered-8.64um-00069,0.476085,0.112769,0.222222,0.000000,nan,0.558232,0.705350,1.392452,0.365385,1.027068,11.1
pherc1451-native-teacher-registered-8.64um-00072,0.898244,1.000000,1.000000,nan,nan,0.997714,0.711556,1.351239,0.636344,0.714895,11.5
pherc1451-native-teacher-registered-8.64um-00074,0.660557,0.285970,0.240000,0.333333,nan,0.933982,0.708206,1.373395,0.497641,0.875754,10.8
pherc1451-native-teacher-registered-8.64um-00076,0.665871,0.373920,0.736842,0.000000,nan,0.950529,0.631457,1.945467,0.887638,1.057829,11.3
pherc1451-native-teacher-registered-8.64um-00078,0.556605,0.276798,0.545455,0.000000,nan,0.715712,0.637332,1.896802,0.983163,0.913640,10.8
pherc1451-native-teacher-registered-8.64um-00079,0.666547,0.338308,0.666667,0.000000,nan,0.933112,0.681328,1.559070,0.906956,0.652114,11.2
pherc1451-native-teacher-registered-8.64um-00081,0.640132,0.270647,0.533333,0.000000,nan,0.941925,0.655040,1.755418,0.713705,1.041714,10.4
pherc1451-native-teacher-registered-8.64um-00082,0.643149,0.312285,0.615385,0.000000,nan,0.969639,0.600256,2.219853,1.247523,0.972330,11.1
pherc1451-native-teacher-registered-8.64um-00083,0.567064,0.211443,0.416667,0.000000,nan,0.833336,0.605610,2.170755,0.900341,1.270413,10.7
pherc1451-native-teacher-registered-8.64um-00084,0.740481,0.570149,0.800000,0.333333,nan,0.905783,0.721179,1.288729,0.694899,0.593830,10.8
pherc1451-native-teacher-registered-8.64um-00085,0.490366,0.112769,0.222222,0.000000,nan,0.680616,0.623770,2.010518,0.789515,1.221003,10.6
pherc1451-native-teacher-registered-8.64um-00086,0.807366,0.750000,0.750000,nan,nan,0.961715,0.702188,1.413731,0.625771,0.787959,11.1
pherc1451-native-teacher-registered-8.64um-00089,0.629070,0.373920,0.736842,0.000000,nan,0.903520,0.573320,2.480754,1.134090,1.346664,11.0
pherc1451-native-teacher-registered-8.64um-00090,0.616169,0.307692,0.307692,nan,nan,0.805651,0.691095,1.489928,0.867656,0.622272,11.2
pherc1451-native-teacher-registered-8.64um-00091,0.550657,0.181333,0.533333,0.000000,0.000000,0.784710,0.633167,1.931208,1.065504,0.865704,11.1
pherc1451-native-teacher-registered-8.64um-00092,0.630524,0.304478,0.600000,0.000000,nan,0.966315,0.574202,2.471828,1.324363,1.147465,11.3
pherc1451-native-teacher-registered-8.64um-00093,0.881090,1.000000,1.000000,nan,nan,0.985337,0.674922,1.605511,0.832888,0.772624,11.3
pherc1451-native-teacher-registered-8.64um-00094,0.630599,0.306677,0.400000,0.210526,nan,0.919079,0.619766,2.045037,1.231901,0.813136,11.8
pherc1451-native-teacher-registered-8.64um-00096,0.623099,0.600000,0.600000,nan,nan,0.662930,0.603067,2.193972,1.032744,1.161228,11.1
pherc1451-native-teacher-registered-8.64um-00097,0.633185,0.285714,0.285714,nan,nan,0.932018,0.632185,1.939384,1.357466,0.581918,11.3
pherc1451-native-teacher-registered-8.64um-00098,0.834196,0.888889,0.888889,nan,nan,0.990048,0.631465,1.945396,0.988949,0.956447,10.4
pherc1451-native-teacher-registered-8.64um-00099,0.608182,0.000000,0.000000,nan,nan,0.961250,0.776412,0.959922,0.460990,0.498931,11.0
pherc1451-native-teacher-registered-8.64um-00101,0.894904,1.000000,1.000000,nan,nan,0.980879,0.718847,1.303721,0.627957,0.675764,10.6
pherc1451-native-teacher-registered-8.64um-00102,0.566669,0.267086,0.526316,0.000000,nan,0.820042,0.570082,2.513782,1.468666,1.045116,11.6
pherc1451-native-teacher-registered-8.64um-00104,0.623347,0.253731,0.500000,0.000000,nan,0.891769,0.671738,1.628916,0.817456,0.811461,10.6
pherc1451-native-teacher-registered-8.64um-00105,0.609504,0.267086,0.526316,0.000000,nan,0.917668,0.594841,2.270401,1.204302,1.066099,11.4
pherc1451-native-teacher-registered-8.64um-00107,0.690023,0.338308,0.666667,0.000000,nan,0.945731,0.735785,1.196974,0.435092,0.761882,11.4
pherc1451-native-teacher-registered-8.64um-00109,0.533141,0.176282,0.296296,0.052632,nan,0.773654,0.598508,2.236072,1.173880,1.062192,11.3
pherc1451-native-teacher-registered-8.64um-00110,0.664163,0.405970,0.800000,0.000000,nan,0.882747,0.666888,1.665008,0.882906,0.782102,11.0
pherc1451-native-teacher-registered-8.64um-00111,0.548460,0.289979,0.571429,0.000000,nan,0.704189,0.614286,2.093017,1.292585,0.800432,11.2
pherc1451-native-teacher-registered-8.64um-00112,0.679569,0.405970,0.800000,0.000000,nan,0.967700,0.625950,1.991907,0.960082,1.031825,10.8
pherc1451-native-teacher-registered-8.64um-00113,0.596682,0.213668,0.421053,0.000000,nan,0.924430,0.597232,2.247973,0.775325,1.472648,11.4
pherc1451-native-teacher-registered-8.64um-00114,0.665455,0.460718,0.769231,0.142857,nan,0.775726,0.730673,1.228670,0.560253,0.668416,11.4
pherc1451-native-teacher-registered-8.64um-00115,0.660567,0.279654,0.500000,0.052632,nan,0.960191,0.687441,1.515568,0.784026,0.731542,11.4
pherc1451-native-teacher-registered-8.64um-00116,0.618446,0.281924,0.555556,0.000000,nan,0.931184,0.594157,2.276856,1.138831,1.138025,11.3
pherc1451-native-teacher-registered-8.64um-00117,0.921039,1.000000,nan,nan,nan,1.000000,0.774397,0.971093,0.555682,0.415410,11.3
pherc1451-native-teacher-registered-8.64um-00118,0.502070,0.139990,0.275862,0.000000,nan,0.693718,0.620777,2.036280,1.159071,0.877210,11.6
pherc1451-native-teacher-registered-8.64um-00119,0.511030,0.085000,0.250000,0.000000,0.000000,0.746626,0.640604,1.870090,1.090249,0.779840,11.3
pherc1451-native-teacher-registered-8.64um-00121,0.705133,0.428243,0.769231,0.076923,nan,0.981708,0.665893,1.672476,0.882712,0.789764,10.9
pherc1451-native-teacher-registered-8.64um-00122,0.476974,0.101493,0.200000,0.000000,nan,0.660054,0.615735,2.080248,1.046290,1.033959,11.2
pherc1451-native-teacher-registered-8.64um-00126,0.582071,0.338308,0.666667,0.000000,nan,0.806337,0.566745,2.548205,1.450997,1.097208,11.3
pherc1451-native-teacher-registered-8.64um-00127,0.706124,0.333333,0.333333,nan,nan,1.000000,0.731782,1.221757,0.544585,0.677171,11.8
pherc1451-native-teacher-registered-8.64um-00129,0.770010,0.666667,0.666667,nan,nan,0.963733,0.664867,1.680201,0.755887,0.924314,11.2
pherc1451-native-teacher-registered-8.64um-00130,0.725966,0.352239,0.500000,0.200000,nan,0.989001,0.783268,0.922340,0.401935,0.520405,11.6
pherc1451-native-teacher-registered-8.64um-00134,0.508121,0.078071,0.153846,0.000000,nan,0.754832,0.630025,1.957460,1.189859,0.767601,11.3
pherc1451-native-teacher-registered-8.64um-00135,0.617437,0.448358,0.560000,0.333333,nan,0.776079,0.603721,2.187979,1.091279,1.096700,11.6
pherc1451-native-teacher-registered-8.64um-00136,0.495437,0.104992,0.206897,0.000000,nan,0.681806,0.643735,1.844782,0.905846,0.938936,11.2
pherc1451-native-teacher-registered-8.64um-00137,0.829156,0.888889,0.888889,nan,nan,0.962541,0.644570,1.838074,0.897567,0.940507,11.4
pherc1451-native-teacher-registered-8.64um-00139,0.643070,0.281924,0.555556,0.000000,nan,0.954841,0.640854,1.868063,1.000349,0.867714,11.4
pherc1451-native-teacher-registered-8.64um-00140,0.674020,0.276798,0.545455,0.000000,nan,0.971552,0.716964,1.315903,0.489803,0.826100,11.6
pherc1451-native-teacher-registered-8.64um-00143,0.903849,1.000000,1.000000,nan,nan,1.000000,0.725282,1.262578,0.561798,0.700780,11.4
pherc1451-native-teacher-registered-8.64um-00144,0.675859,0.444030,0.875000,0.000000,nan,0.939650,0.610778,2.124188,1.000397,1.123791,11.4
pherc1451-native-teacher-registered-8.64um-00145,0.589214,0.202985,0.400000,0.000000,nan,0.864312,0.645169,1.833272,0.781257,1.052015,11.2
pherc1451-native-teacher-registered-8.64um-00146,0.715694,0.451078,0.888889,0.000000,nan,0.997842,0.660361,1.714412,0.881119,0.833293,11.3
pherc1451-native-teacher-registered-8.64um-00147,0.794539,0.497512,0.333333,0.666667,nan,1.000000,0.843671,0.617653,0.157208,0.460445,11.5
pherc1451-native-teacher-registered-8.64um-00148,0.660246,0.405970,0.800000,0.000000,nan,0.922650,0.615792,2.079752,0.911076,1.168676,11.8
pherc1451-native-teacher-registered-8.64um-00149,0.734456,0.451078,0.888889,0.000000,nan,0.999188,0.712620,1.344244,0.622992,0.721252,11.6
pherc1451-native-teacher-registered-8.64um-00151,0.613970,0.190299,0.375000,0.000000,nan,0.886384,0.704702,1.396796,0.678589,0.718207,11.6
pherc1451-native-teacher-registered-8.64um-00153,0.892332,1.000000,1.000000,nan,nan,0.998554,0.693824,1.470958,0.741804,0.729154,11.5
pherc1451-native-teacher-registered-8.64um-00154,0.636452,0.281924,0.555556,0.000000,nan,0.931693,0.645092,1.833890,0.970787,0.863103,11.3
pherc1451-native-teacher-registered-8.64um-00156,0.885436,1.000000,1.000000,nan,nan,0.995101,0.677574,1.586176,0.693010,0.893166,11.5
pherc1451-native-teacher-registered-8.64um-00158,0.660394,0.338308,0.666667,0.000000,nan,0.954150,0.642710,1.853039,0.940143,0.912896,11.4
pherc1451-native-teacher-registered-8.64um-00159,0.661137,0.500000,0.500000,nan,nan,0.742506,0.717885,1.309938,0.859486,0.450452,11.5
pherc1451-native-teacher-registered-8.64um-00161,0.710364,0.547974,0.941176,0.142857,nan,0.889959,0.669959,1.642096,0.659683,0.982414,11.1
pherc1451-native-teacher-registered-8.64um-00162,0.585179,0.358209,0.705882,0.000000,nan,0.792952,0.571952,2.494664,1.187769,1.306895,11.5
pherc1451-native-teacher-registered-8.64um-00163,0.419349,0.000000,0.000000,0.000000,nan,0.368989,0.829152,0.686840,0.449831,0.237009,11.8
pherc1451-native-teacher-registered-8.64um-00165,0.759587,0.666667,0.666667,nan,nan,0.981039,0.617780,2.062330,1.032010,1.030320,11.5
pherc1451-native-teacher-registered-8.64um-00166,0.751520,0.615385,0.615385,nan,nan,0.976715,0.643014,1.850591,0.955122,0.895469,11.4
pherc1451-native-teacher-registered-8.64um-00168,0.619498,0.202985,0.400000,0.000000,nan,0.944154,0.651853,1.780294,0.639054,1.141240,11.6
pherc1451-native-teacher-registered-8.64um-00169,0.598907,0.190299,0.375000,0.000000,nan,0.919419,0.628631,1.969194,1.014219,0.954975,11.6
pherc1451-native-teacher-registered-8.64um-00170,0.592718,0.101493,0.200000,0.000000,nan,0.876337,0.730150,1.231940,0.579664,0.652277,11.4
pherc1451-native-teacher-registered-8.64um-00171,0.588478,0.344350,0.678571,0.000000,nan,0.836731,0.549478,2.733031,1.505709,1.227322,11.9
pherc1451-native-teacher-registered-8.64um-00172,0.495076,0.101493,0.200000,0.000000,nan,0.638058,0.689452,1.501422,0.790158,0.711263,11.3
pherc1451-native-teacher-registered-8.64um-00173,0.685907,0.304478,0.600000,0.000000,nan,0.972804,0.725950,1.258351,0.451778,0.806573,11.7
pherc1451-native-teacher-registered-8.64um-00175,0.804295,0.671642,1.000000,0.333333,nan,0.999696,0.722598,1.279650,0.570739,0.708911,11.5
pherc1451-native-teacher-registered-8.64um-00176,0.660592,0.320503,0.631579,0.000000,nan,0.954559,0.658131,1.731517,0.739009,0.992508,11.2
pherc1451-native-teacher-registered-8.64um-00177,0.663793,0.304478,0.600000,0.000000,nan,0.948296,0.687275,1.516741,0.687554,0.829187,11.2
pherc1451-native-teacher-registered-8.64um-00178,0.555056,0.202985,0.400000,0.000000,nan,0.716191,0.695696,1.458030,0.997676,0.460355,11.8
pherc1451-native-teacher-registered-8.64um-00179,0.666669,0.253731,0.500000,0.000000,nan,0.964795,0.722489,1.280349,0.629926,0.650423,11.1
pherc1451-native-teacher-registered-8.64um-00180,0.815005,0.666667,0.666667,nan,nan,0.998676,0.758481,1.061417,0.517405,0.544013,11.1
pherc1451-native-teacher-registered-8.64um-00181,0.619432,0.253731,0.500000,0.000000,nan,0.900880,0.651443,1.783510,0.789453,0.994057,11.2
pherc1451-native-teacher-registered-8.64um-00182,0.566156,0.164179,0.000000,0.333333,nan,0.733795,0.743070,1.152564,0.174070,0.978494,11.4
pherc1451-native-teacher-registered-8.64um-00183,0.724645,0.400000,0.400000,nan,nan,0.939890,0.787667,0.898572,0.142167,0.756405,11.3
pherc1451-native-teacher-registered-8.64um-00184,0.676672,0.473632,0.933333,0.000000,nan,0.919796,0.607583,2.152888,1.015111,1.137777,11.3
pherc1451-native-teacher-registered-8.64um-00185,0.667659,0.390356,0.769231,0.000000,nan,0.947482,0.625524,1.995532,0.909941,1.085591,11.3
pherc1451-native-teacher-registered-8.64um-00186,0.691504,0.422886,0.833333,0.000000,nan,0.966773,0.646480,1.822791,0.865500,0.957291,11.3
pherc1451-native-teacher-registered-8.64um-00187,0.762830,0.544776,0.750000,0.333333,nan,0.955050,0.757512,1.067037,0.533470,0.533567,10.9
pherc1451-native-teacher-registered-8.64um-00188,0.761072,0.666667,0.666667,nan,nan,0.907309,0.695755,1.457627,0.609114,0.848512,11.3
pherc1451-native-teacher-registered-8.64um-00189,0.475288,0.000000,0.000000,0.000000,nan,0.723834,0.634133,1.923188,1.164132,0.759056,11.4
pherc1451-native-teacher-registered-8.64um-00190,0.868282,0.923077,0.923077,nan,nan,0.978745,0.710851,1.355881,0.630911,0.724970,11.1
pherc1451-native-teacher-registered-8.64um-00192,0.612492,0.202985,0.400000,0.000000,nan,0.936073,0.639918,1.875664,0.457553,1.418111,11.5
pherc1451-native-teacher-registered-8.64um-00193,0.721881,0.571429,0.571429,nan,nan,0.946345,0.626377,1.988273,1.015056,0.973217,11.4
pherc1451-native-teacher-registered-8.64um-00194,0.582975,0.289979,0.571429,0.000000,nan,0.754434,0.662657,1.696920,0.985827,0.711093,11.4
pherc1451-native-teacher-registered-8.64um-00195,0.905123,1.000000,1.000000,nan,nan,0.999921,0.729001,1.239137,0.582203,0.656934,10.9
pherc1451-native-teacher-registered-8.64um-00199,0.665950,0.338308,0.666667,0.000000,nan,0.934527,0.678208,1.581580,0.750713,0.830867,11.6
pherc1451-native-teacher-registered-8.64um-00202,0.767290,0.666667,0.666667,nan,nan,0.918295,0.702535,1.411390,0.575066,0.836323,10.4
pherc1451-native-teacher-registered-8.64um-00203,0.538643,0.234444,0.277778,0.090909,0.333333,0.756477,0.581550,2.398479,1.363593,1.034886,11.3
pherc1451-native-teacher-registered-8.64um-00204,0.659080,0.307553,0.606061,0.000000,nan,0.951129,0.668340,1.654146,0.657783,0.996363,10.6
pherc1451-native-teacher-registered-8.64um-00205,0.748855,0.615257,0.888889,0.333333,nan,0.969334,0.642888,1.851605,0.907352,0.944253,11.1
pherc1451-native-teacher-registered-8.64um-00207,0.745781,0.615385,0.615385,nan,nan,0.921600,0.681730,1.556187,0.710355,0.845833,10.5
pherc1451-native-teacher-registered-8.64um-00208,0.644373,0.304478,0.600000,0.000000,nan,0.944758,0.635328,1.913297,0.984839,0.928458,11.1
pherc1451-native-teacher-registered-8.64um-00209,0.622086,0.320505,0.585366,0.047619,nan,0.889590,0.613080,2.103693,1.193206,0.910487,10.5
pherc1451-native-teacher-registered-8.64um-00210,0.890885,1.000000,1.000000,nan,nan,0.983162,0.705080,1.394261,0.581247,0.813014,10.7
pherc1451-native-teacher-registered-8.64um-00211,0.612984,0.253731,0.500000,0.000000,nan,0.863933,0.669966,1.642044,0.742789,0.899255,10.2
pherc1451-native-teacher-registered-8.64um-00214,0.760318,0.562189,1.000000,0.111111,nan,0.986744,0.703717,1.403417,0.767139,0.636278,10.6
pherc1451-native-teacher-registered-8.64um-00216,0.650079,0.253731,0.500000,0.000000,nan,0.940684,0.699201,1.434011,0.510350,0.923660,10.5
pherc1451-native-teacher-registered-8.64um-00218,0.651057,0.351320,0.692308,0.000000,nan,0.935886,0.623144,2.015882,0.913917,1.101965,10.7
pherc1451-native-teacher-registered-8.64um-00219,0.713239,0.380597,0.750000,0.000000,nan,0.992160,0.719439,1.299906,0.622718,0.677188,10.5
pherc1451-native-teacher-registered-8.64um-00220,0.600742,0.320503,0.631579,0.000000,nan,0.834551,0.607139,2.156901,1.287590,0.869311,10.5
pherc1451-native-teacher-registered-8.64um-00221,0.680590,0.338308,0.666667,0.000000,nan,0.966704,0.687860,1.512611,0.726355,0.786256,10.4
pherc1451-native-teacher-registered-8.64um-00223,0.630708,0.230665,0.454545,0.000000,nan,0.946767,0.657545,1.736030,0.712380,1.023650,10.7
pherc1451-native-teacher-registered-8.64um-00224,0.646887,0.312285,0.615385,0.000000,nan,0.963173,0.617405,2.065611,1.147953,0.917658,10.4
pherc1451-native-teacher-registered-8.64um-00225,0.549838,0.169154,0.333333,0.000000,nan,0.749534,0.676443,1.594400,0.476521,1.117879,10.4
pherc1451-native-teacher-registered-8.64um-00226,0.788869,0.800000,0.800000,nan,nan,0.907399,0.660799,1.711066,1.009915,0.701151,12.2
pherc1451-native-teacher-registered-8.64um-00227,0.501113,0.148827,0.228571,0.066667,nan,0.705541,0.598643,2.234814,1.127680,1.107133,10.5
pherc1451-native-teacher-registered-8.64um-00228,0.671843,0.375898,0.740741,0.000000,nan,0.948434,0.648919,1.803414,0.851074,0.952340,10.3
pherc1451-native-teacher-registered-8.64um-00231,0.648097,0.454158,0.571429,0.333333,nan,0.897686,0.564743,2.569061,1.206198,1.362863,10.5
pherc1451-native-teacher-registered-8.64um-00232,0.617786,0.333333,0.333333,nan,nan,0.799591,0.679798,1.570081,0.923914,0.646167,10.6
pherc1451-native-teacher-registered-8.64um-00233,0.529604,0.097143,0.285714,0.000000,0.000000,0.779892,0.649996,1.794903,1.055562,0.739341,10.3
pherc1451-native-teacher-registered-8.64um-00234,0.618714,0.267086,0.526316,0.000000,nan,0.948608,0.590216,2.314314,1.210918,1.103396,11.6
pherc1451-native-teacher-registered-8.64um-00235,0.689432,0.451078,0.888889,0.000000,nan,0.984214,0.598952,2.231944,0.922115,1.309829,10.3
pherc1451-native-teacher-registered-8.64um-00236,0.634797,0.295884,0.516129,0.068966,nan,0.914436,0.645655,1.829381,0.877566,0.951815,11.7
pherc1451-native-teacher-registered-8.64um-00238,0.611877,0.408671,0.666667,0.142857,nan,0.793135,0.604795,2.178177,1.034736,1.143441,11.1
pherc1451-native-teacher-registered-8.64um-00239,0.650615,0.333333,0.333333,nan,nan,0.899586,0.673599,1.615213,0.390701,1.224512,11.1
pherc1451-native-teacher-registered-8.64um-00240,0.742601,0.631579,0.631579,nan,nan,0.964033,0.616329,2.075033,1.013818,1.061215,10.8
pherc1451-native-teacher-registered-8.64um-00241,0.637697,0.156142,0.307692,0.000000,nan,0.950965,0.737190,1.188342,0.452494,0.735849,11.6
pherc1451-native-teacher-registered-8.64um-00243,0.906816,1.000000,1.000000,nan,nan,0.998432,0.735328,1.199791,0.518828,0.680963,10.7
pherc1451-native-teacher-registered-8.64um-00246,0.650606,0.289979,0.571429,0.000000,nan,0.896441,0.713879,1.335989,0.646315,0.689674,11.3
pherc1451-native-teacher-registered-8.64um-00247,0.625656,0.298507,0.588235,0.000000,nan,0.909895,0.621832,2.027175,1.079420,0.947755,11.2
pherc1451-native-teacher-registered-8.64um-00249,0.622026,0.304478,0.600000,0.000000,nan,0.849560,0.666675,1.666607,0.841986,0.824621,11.5
pherc1451-native-teacher-registered-8.64um-00251,0.652531,0.570149,0.800000,0.333333,nan,0.784586,0.591090,2.305970,1.139823,1.166147,10.9
pherc1451-native-teacher-registered-8.64um-00252,0.715453,0.507463,1.000000,0.000000,nan,0.928330,0.680853,1.562489,0.808835,0.753654,11.7
pherc1451-native-teacher-registered-8.64um-00253,0.542370,0.253731,0.500000,0.000000,nan,0.720683,0.611461,2.118093,1.266394,0.851699,11.6
pherc1451-native-teacher-registered-8.64um-00254,0.633589,0.405970,0.800000,0.000000,nan,0.831789,0.630491,1.953548,0.859345,1.094203,11.2
pherc1451-native-teacher-registered-8.64um-00255,0.643544,0.296020,0.583333,0.000000,nan,0.933367,0.651598,1.782298,0.746856,1.035442,11.0
pherc1451-native-teacher-synthetic-l2-00000,0.704258,0.451078,0.888889,0.000000,nan,0.965558,0.659971,1.717396,0.739983,0.977413,11.4
pherc1451-native-teacher-synthetic-l2-00001,0.708446,0.422886,0.833333,0.000000,nan,0.941164,0.720494,1.293122,0.649250,0.643872,11.3
pherc1451-native-teacher-synthetic-l2-00002,0.684772,0.405970,0.800000,0.000000,nan,0.941228,0.667288,1.662010,0.830619,0.831391,14.7
pherc1451-native-teacher-synthetic-l2-00003,0.692940,0.444444,0.444444,nan,nan,0.927936,0.670941,1.634815,0.636560,0.998256,11.3
pherc1451-native-teacher-synthetic-l2-00004,0.884046,1.000000,1.000000,nan,nan,0.974074,0.694630,1.465386,0.634441,0.830945,11.9
pherc1451-native-teacher-synthetic-l2-00005,0.688686,0.405970,0.800000,0.000000,nan,0.958308,0.661392,1.706542,0.786770,0.919771,11.5
pherc1451-native-teacher-synthetic-l2-00006,0.858776,1.000000,1.000000,nan,nan,0.965956,0.630546,1.953089,0.969772,0.983317,11.8
pherc1451-native-teacher-synthetic-l2-00007,0.643854,0.338308,0.666667,0.000000,nan,0.956036,0.593570,2.282407,1.066578,1.215829,11.3
pherc1451-native-teacher-synthetic-l2-00008,0.633935,0.434968,0.857143,0.000000,nan,0.874615,0.563799,2.578940,1.344175,1.234765,11.9
pherc1451-native-teacher-synthetic-l2-00009,0.575090,0.286261,0.564103,0.000000,nan,0.857206,0.540542,2.833319,1.527672,1.305647,11.6
pherc1451-native-teacher-synthetic-l2-00010,0.617061,0.369064,0.727273,0.000000,nan,0.841176,0.605515,2.171623,1.013382,1.158241,12.1
pherc1451-native-teacher-synthetic-l2-00011,0.665547,0.422886,0.833333,0.000000,nan,0.915405,0.623684,2.011257,1.066682,0.944575,12.1
pherc1451-native-teacher-synthetic-l2-00012,0.741538,0.545455,0.545455,nan,nan,0.959280,0.691868,1.484540,0.522433,0.962107,11.8
pherc1451-native-teacher-synthetic-l2-00013,0.724899,0.546020,0.833333,0.250000,nan,0.934120,0.669003,1.649207,0.857945,0.791262,11.3
pherc1451-native-teacher-synthetic-l2-00014,0.517316,0.000000,0.000000,0.000000,nan,0.843150,0.634896,1.916873,0.382930,1.533942,14.1
pherc1451-native-teacher-synthetic-l2-00015,0.663284,0.394693,0.777778,0.000000,nan,0.948394,0.608393,2.145578,1.073762,1.071817,11.4
pherc1451-native-teacher-synthetic-l2-00016,0.671955,0.317164,0.625000,0.000000,nan,0.946773,0.701244,1.420124,0.617127,0.802996,12.1
pherc1451-native-teacher-synthetic-l2-00017,0.864570,1.000000,1.000000,nan,nan,0.988570,0.624487,2.004382,0.965169,1.039213,11.7
pherc1451-native-teacher-synthetic-l2-00018,0.714333,0.444444,0.444444,nan,nan,0.955129,0.704871,1.395661,0.523796,0.871865,14.4
pherc1451-native-teacher-synthetic-l2-00019,0.903067,1.000000,1.000000,nan,nan,0.998428,0.724621,1.266771,0.518108,0.748664,11.5
pherc1451-native-teacher-synthetic-l2-00020,0.848831,1.000000,1.000000,nan,nan,0.886463,0.681627,1.556928,0.845076,0.711852,14.3
pherc1451-native-teacher-synthetic-l2-00021,0.626965,0.253731,0.500000,0.000000,nan,0.966781,0.607064,2.157576,0.937186,1.220390,11.5
pherc1451-native-teacher-synthetic-l2-00022,0.642383,0.338308,0.666667,0.000000,nan,0.952406,0.592994,2.287855,1.206086,1.081769,14.6
pherc1451-native-teacher-synthetic-l2-00023,0.725092,0.500000,0.500000,nan,nan,0.951176,0.691944,1.484014,0.539077,0.944937,11.4
pherc1451-native-teacher-synthetic-l2-00024,0.746646,0.600000,0.600000,nan,nan,0.939186,0.679803,1.570046,0.596607,0.973439,12.0
pherc1451-native-teacher-synthetic-l2-00025,0.529190,0.092266,0.181818,0.000000,nan,0.754201,0.678686,1.578118,0.735111,0.843007,11.9
pherc1451-native-teacher-synthetic-l2-00026,0.906407,1.000000,1.000000,nan,nan,0.998841,0.733749,1.209543,0.436566,0.772977,15.1
pherc1451-native-teacher-synthetic-l2-00027,0.763164,0.644933,0.947368,0.333333,nan,0.991310,0.636359,1.904797,0.983886,0.920911,11.9
pherc1451-native-teacher-synthetic-l2-00028,0.575059,0.225539,0.444444,0.000000,nan,0.870506,0.579201,2.421725,1.172006,1.249719,14.8
pherc1451-native-teacher-synthetic-l2-00029,0.628858,0.253731,0.500000,0.000000,nan,0.821296,0.757957,1.064455,0.331485,0.732970,11.9
pherc1451-native-teacher-synthetic-l2-00030,0.605463,0.234214,0.461538,0.000000,nan,0.896525,0.632615,1.935798,0.736356,1.199442,16.7
pherc1451-native-teacher-synthetic-l2-00031,0.738043,0.507463,1.000000,0.000000,nan,0.971303,0.702423,1.412146,0.610757,0.801389,14.6
pherc1451-native-teacher-synthetic-l2-00033,0.911513,1.000000,nan,nan,nan,1.000000,0.747179,1.127891,0.400403,0.727488,16.9
pherc1451-native-teacher-synthetic-l2-00034,0.704373,0.507463,1.000000,0.000000,nan,0.909043,0.668484,1.653070,0.781665,0.871405,14.8
pherc1451-native-teacher-synthetic-l2-00035,0.651364,0.362473,0.714286,0.000000,nan,0.945036,0.605312,2.173468,1.221292,0.952176,17.4
pherc1451-native-teacher-synthetic-l2-00036,0.536246,0.135323,0.266667,0.000000,nan,0.807885,0.608254,2.146832,1.041112,1.105720,17.4
pherc1451-native-teacher-synthetic-l2-00037,0.671289,0.444030,0.875000,0.000000,nan,0.932330,0.605041,2.175932,0.986141,1.189791,16.4
pherc1451-native-teacher-synthetic-l2-00038,0.737246,0.507463,1.000000,0.000000,nan,0.956789,0.714660,1.330891,0.743556,0.587335,16.3
pherc1451-native-teacher-synthetic-l2-00039,0.833030,0.666667,0.666667,nan,nan,0.981508,0.827149,0.696574,0.304869,0.391706,14.9
pherc1451-native-teacher-synthetic-l2-00040,0.746162,0.507463,1.000000,0.000000,nan,0.988433,0.708490,1.371507,0.580254,0.791252,15.8
pherc1451-native-teacher-synthetic-l2-00041,0.657797,0.338308,0.666667,0.000000,nan,0.929787,0.659655,1.719811,0.486208,1.233603,16.7
pherc1451-native-teacher-synthetic-l2-00042,0.638667,0.253731,0.500000,0.000000,nan,0.934124,0.673154,1.618477,0.834505,0.783972,16.8
pherc1451-native-teacher-synthetic-l2-00043,0.652894,0.355224,0.700000,0.000000,nan,0.978910,0.582024,2.393810,1.260587,1.133223,15.4
pherc1451-native-teacher-synthetic-l2-00044,0.910010,1.000000,1.000000,nan,nan,0.992376,0.750509,1.108098,0.193776,0.914322,16.4
pherc1451-native-teacher-synthetic-l2-00045,0.717072,0.468427,0.923077,0.000000,nan,0.959689,0.687581,1.514584,0.794570,0.720014,15.0
pherc1451-native-teacher-synthetic-l2-00046,0.803545,0.666667,0.666667,nan,nan,0.996399,0.728016,1.245324,0.543629,0.701694,16.9
pherc1451-native-teacher-synthetic-l2-00047,0.667181,0.380597,0.750000,0.000000,nan,0.945857,0.634147,1.923071,1.031519,0.891552,14.9
pherc1451-native-teacher-synthetic-l2-00048,0.719735,0.800000,0.800000,nan,nan,0.745183,0.625489,1.995831,1.013059,0.982771,16.8
pherc1451-native-teacher-synthetic-l2-00049,0.737729,0.507463,1.000000,0.000000,nan,0.980970,0.691858,1.484608,0.619829,0.864779,17.0
pherc1451-native-teacher-synthetic-l2-00050,0.703661,0.468427,0.923077,0.000000,nan,0.940778,0.668172,1.655401,0.852867,0.802535,16.9
pherc1451-native-teacher-synthetic-l2-00051,0.670421,0.405970,0.800000,0.000000,nan,0.949248,0.618267,2.058085,0.971611,1.086474,14.4
pherc1451-native-teacher-synthetic-l2-00052,0.581661,0.362473,0.714286,0.000000,nan,0.758102,0.593095,2.286903,1.265664,1.021239,16.9
pherc1451-native-teacher-synthetic-l2-00053,0.579247,0.270647,0.533333,0.000000,nan,0.815152,0.607856,2.150425,1.106129,1.044296,15.2
pherc1451-native-teacher-synthetic-l2-00054,0.555231,0.234214,0.461538,0.000000,nan,0.751515,0.634104,1.923425,1.104366,0.819059,17.3
pherc1451-native-teacher-synthetic-l2-00055,0.813690,0.800000,0.800000,nan,nan,0.992642,0.646472,1.822862,0.893998,0.928863,13.9
pherc1451-native-teacher-synthetic-l2-00056,0.706890,0.461330,0.909091,0.000000,nan,0.977793,0.646469,1.822884,0.898112,0.924771,15.7
pherc1451-native-teacher-synthetic-l2-00057,0.866411,1.000000,1.000000,nan,nan,0.942203,0.676114,1.596803,0.811807,0.784996,14.0
pherc1451-native-teacher-synthetic-l2-00058,0.490332,0.000000,0.000000,0.000000,nan,0.776008,0.624940,2.000511,1.319425,0.681086,15.2
pherc1451-native-teacher-synthetic-l2-00059,0.660846,0.362473,0.714286,0.000000,nan,0.923691,0.653749,1.765465,0.897917,0.867548,13.9
pherc1451-native-teacher-synthetic-l2-00060,0.874566,0.909091,0.909091,nan,nan,0.959551,0.759988,1.052699,0.277031,0.775668,14.1
pherc1451-native-teacher-synthetic-l2-00061,0.510924,0.101493,0.200000,0.000000,nan,0.729550,0.643240,1.848767,0.798212,1.050555,13.9
pherc1451-native-teacher-synthetic-l2-00062,0.611815,0.276798,0.545455,0.000000,nan,0.879710,0.631078,1.948634,1.191209,0.757425,14.4
pherc1451-native-teacher-synthetic-l2-00063,0.546434,0.270647,0.533333,0.000000,nan,0.710801,0.618455,2.056443,1.134498,0.921946,13.8
pherc1451-native-teacher-synthetic-l2-00065,0.624886,0.280000,0.823529,0.000000,0.000000,0.943321,0.602068,2.203136,0.988390,1.214746,14.6
pherc1451-native-teacher-synthetic-l2-00066,0.709250,0.507463,1.000000,0.000000,nan,0.908976,0.682484,1.550789,0.749323,0.801466,13.8
pherc1451-native-teacher-synthetic-l2-00067,0.731352,0.507463,1.000000,0.000000,nan,0.971609,0.682999,1.547100,0.624915,0.922185,14.0
pherc1451-native-teacher-synthetic-l2-00068,0.587347,0.246874,0.486486,0.000000,nan,0.845466,0.621061,2.033827,1.115448,0.918379,13.2
pherc1451-native-teacher-synthetic-l2-00069,0.557032,0.202985,0.400000,0.000000,nan,0.768532,0.649000,1.802776,1.065222,0.737554,14.0
pherc1451-native-teacher-synthetic-l2-00070,0.654641,0.289979,0.571429,0.000000,nan,0.974316,0.647534,1.814400,0.850842,0.963558,13.7
pherc1451-native-teacher-synthetic-l2-00071,0.738639,0.666667,0.666667,nan,nan,0.895540,0.643429,1.847243,0.820815,1.026428,14.2
pherc1451-native-teacher-synthetic-l2-00073,0.883109,1.000000,1.000000,nan,nan,0.990781,0.675245,1.603144,0.730334,0.872809,13.5
pherc1451-native-teacher-synthetic-l2-00074,0.609925,0.289979,0.571429,0.000000,nan,0.839957,0.654132,1.762476,0.967083,0.795392,14.2
pherc1451-native-teacher-synthetic-l2-00075,0.602251,0.284179,0.560000,0.000000,nan,0.904437,0.572696,2.487086,1.324461,1.162625,14.0
pherc1451-native-teacher-synthetic-l2-00076,0.670123,0.380597,0.750000,0.000000,nan,0.880572,0.707840,1.375831,0.671595,0.704236,13.6
pherc1451-native-teacher-synthetic-l2-00077,0.420324,0.036667,0.000000,0.000000,0.111111,0.309450,0.860047,0.542423,0.237513,0.304910,11.7
pherc1451-native-teacher-synthetic-l2-00078,0.626513,0.285714,0.285714,nan,nan,0.812658,0.732482,1.217403,0.627397,0.590006,13.4
pherc1451-native-teacher-synthetic-l2-00079,0.698464,0.507463,1.000000,0.000000,nan,0.961953,0.598690,2.234375,1.066715,1.167659,12.7
pherc1451-native-teacher-synthetic-l2-00080,0.835367,0.857143,0.857143,nan,nan,0.948883,0.703185,1.407000,0.528886,0.878114,13.6
pherc1451-native-teacher-synthetic-l2-00081,0.676705,0.434968,0.857143,0.000000,nan,0.947853,0.612761,2.106530,0.969043,1.137487,12.0
pherc1451-native-teacher-synthetic-l2-00082,0.663609,0.439801,0.866667,0.000000,nan,0.928461,0.590592,2.310718,1.221810,1.088908,13.0
pherc1451-native-teacher-synthetic-l2-00083,0.728498,0.666667,0.666667,nan,nan,0.710721,0.799274,0.837119,0.572355,0.264764,11.6
pherc1451-native-teacher-synthetic-l2-00084,0.668983,0.390356,0.769231,0.000000,nan,0.917572,0.659219,1.723157,0.816410,0.906746,12.5
pherc1451-native-teacher-synthetic-l2-00085,0.539984,0.126866,0.250000,0.000000,nan,0.812723,0.621346,2.031367,0.479137,1.552231,11.5
pherc1451-native-teacher-synthetic-l2-00086,0.703151,0.507463,1.000000,0.000000,nan,0.968904,0.605129,2.175133,1.049389,1.125745,11.6
pherc1451-native-teacher-synthetic-l2-00087,0.706127,0.451078,0.888889,0.000000,nan,0.979390,0.651478,1.783236,0.870672,0.912564,11.7
pherc1451-native-teacher-synthetic-l2-00088,0.650327,0.380597,0.750000,0.000000,nan,0.903352,0.628500,1.970298,1.095131,0.875168,11.7
pherc1451-native-teacher-synthetic-l2-00089,0.649000,0.373920,0.736842,0.000000,nan,0.951905,0.581877,2.395251,1.314447,1.080805,11.5
pherc1451-native-teacher-synthetic-l2-00090,0.724510,0.500000,0.500000,nan,nan,0.944025,0.697433,1.446100,0.513169,0.932931,11.6
pherc1451-native-teacher-synthetic-l2-00091,0.826013,0.835821,1.000000,0.666667,nan,0.992337,0.651281,1.784782,0.824072,0.960710,11.5
pherc1451-native-teacher-synthetic-l2-00092,0.611804,0.281924,0.555556,0.000000,nan,0.916986,0.589376,2.322370,1.077736,1.244634,11.6
pherc1451-native-teacher-synthetic-l2-00093,0.909195,1.000000,nan,nan,nan,1.000000,0.740558,1.167778,0.639106,0.528673,11.4
pherc1451-native-teacher-synthetic-l2-00094,0.550400,0.298507,0.588235,0.000000,nan,0.771418,0.545289,2.779629,1.453587,1.326042,11.8
pherc1451-native-teacher-synthetic-l2-00095,0.926059,1.000000,nan,nan,nan,0.994794,0.793946,0.865104,0.181350,0.683754,11.1
pherc1451-native-teacher-synthetic-l2-00096,0.618362,0.394693,0.777778,0.000000,nan,0.836583,0.591856,2.298664,1.176133,1.122531,11.5
pherc1451-native-teacher-synthetic-l2-00097,0.707446,0.408671,0.666667,0.142857,nan,0.984475,0.686510,1.522141,0.675516,0.846625,11.2
pherc1451-native-teacher-synthetic-l2-00098,0.510797,0.074263,0.146341,0.000000,nan,0.819117,0.576649,2.447188,1.327307,1.119881,11.4
pherc1451-native-teacher-synthetic-l2-00099,0.819729,0.800000,0.800000,nan,nan,0.903490,0.752878,1.094119,0.511186,0.582933,11.5
pherc1451-native-teacher-synthetic-l2-00100,0.683358,0.380597,0.750000,0.000000,nan,0.964388,0.661837,1.703150,0.716245,0.986906,11.2
pherc1451-native-teacher-synthetic-l2-00101,0.554087,0.000000,0.000000,0.000000,nan,0.898845,0.684262,1.538097,0.565116,0.972981,12.1
pherc1451-native-teacher-synthetic-l2-00102,0.695041,0.480754,0.947368,0.000000,nan,0.947644,0.626112,1.990524,0.995296,0.995229,11.4
pherc1451-native-teacher-synthetic-l2-00103,0.701186,0.451078,0.888889,0.000000,nan,0.977457,0.639292,1.880767,0.969607,0.911160,11.3
pherc1451-native-teacher-synthetic-l2-00104,0.658994,0.317164,0.625000,0.000000,nan,0.958660,0.652325,1.776590,0.870467,0.906123,11.7
pherc1451-native-teacher-synthetic-l2-00105,0.809106,0.833333,0.833333,nan,nan,0.994778,0.602669,2.197623,1.125733,1.071890,11.8
pherc1451-native-teacher-synthetic-l2-00106,0.623464,0.390356,0.769231,0.000000,nan,0.865056,0.581678,2.397210,1.137863,1.259348,11.3
pherc1451-native-teacher-synthetic-l2-00107,0.598207,0.289979,0.571429,0.000000,nan,0.839924,0.620684,2.037085,0.972531,1.064553,12.0
pherc1451-native-teacher-synthetic-l2-00108,0.632555,0.356595,0.702703,0.000000,nan,0.922024,0.579622,2.417542,1.196726,1.220816,11.3
pherc1451-native-teacher-synthetic-l2-00110,0.594231,0.225539,0.444444,0.000000,nan,0.867548,0.636936,1.900052,0.848634,1.051417,12.1
pherc1451-native-teacher-synthetic-l2-00111,0.713016,0.507463,1.000000,0.000000,nan,0.953101,0.649118,1.801839,0.971456,0.830383,12.0
pherc1451-native-teacher-synthetic-l2-00112,0.662296,0.405970,0.800000,0.000000,nan,0.794952,0.749348,1.114980,0.425737,0.689243,11.7
pherc1451-native-teacher-synthetic-l2-00113,0.476634,0.044127,0.086957,0.000000,nan,0.631045,0.692945,1.477055,0.699873,0.777182,11.8
pherc1451-native-teacher-synthetic-l2-00114,0.819520,0.800000,0.800000,nan,nan,0.957097,0.698675,1.437601,0.592294,0.845307,11.9
pherc1451-native-teacher-synthetic-l2-00115,0.539836,0.169154,0.333333,0.000000,nan,0.565771,0.831627,0.674873,0.353286,0.321587,11.4
pherc1451-native-teacher-synthetic-l2-00116,0.716346,0.468427,0.923077,0.000000,nan,0.996715,0.648479,1.806897,0.905991,0.900906,11.9
pherc1451-native-teacher-synthetic-l2-00117,0.647852,0.400000,0.400000,nan,nan,0.791618,0.716529,1.318720,0.308767,1.009953,11.6
pherc1451-native-teacher-synthetic-l2-00118,0.549401,0.169154,0.333333,0.000000,nan,0.774409,0.650320,1.792352,1.109098,0.683254,11.8
pherc1451-native-teacher-synthetic-l2-00119,0.545850,0.112769,0.222222,0.000000,nan,0.754726,0.708188,1.373518,0.488972,0.884546,11.5
pherc1451-native-teacher-synthetic-l2-00120,0.621157,0.394456,0.500000,0.285714,nan,0.796713,0.639915,1.875694,1.308227,0.567468,11.5
pherc1451-native-teacher-synthetic-l2-00121,0.524351,0.253731,0.500000,0.000000,nan,0.581961,0.698701,1.437426,0.517850,0.919577,11.4
pherc1451-native-teacher-synthetic-l2-00122,0.668309,0.363133,0.648649,0.068966,nan,0.964759,0.633438,1.928953,1.020517,0.908436,11.7
pherc1451-native-teacher-synthetic-l2-00123,0.946735,1.000000,nan,nan,nan,1.000000,0.847813,0.598351,0.116686,0.481665,11.6
pherc1451-native-teacher-synthetic-l2-00124,0.652784,0.434968,0.857143,0.000000,nan,0.860577,0.631691,1.943509,0.857298,1.086211,11.9
pherc1451-native-teacher-synthetic-l2-00125,0.704476,0.456716,0.900000,0.000000,nan,0.988234,0.633083,1.931906,0.736673,1.195233,11.3
pherc1451-native-teacher-synthetic-l2-00126,0.677672,0.390356,0.769231,0.000000,nan,0.962327,0.639286,1.880814,0.971717,0.909097,13.5
pherc1451-native-teacher-synthetic-l2-00127,0.536355,0.092266,0.181818,0.000000,nan,0.798119,0.655238,1.753873,1.182990,0.570883,11.8
pherc1451-native-teacher-synthetic-l2-00128,0.734563,0.507463,1.000000,0.000000,nan,0.971118,0.692665,1.478996,0.607374,0.871622,11.9
pherc1451-native-teacher-synthetic-l2-00129,0.690683,0.507463,1.000000,0.000000,nan,0.860698,0.677714,1.585160,0.902695,0.682465,11.7
pherc1451-native-teacher-synthetic-l2-00130,0.881128,1.000000,1.000000,nan,nan,0.968165,0.692201,1.482224,0.689162,0.793061,11.9
pherc1451-native-teacher-synthetic-l2-00131,0.897715,1.000000,1.000000,nan,nan,1.000000,0.707756,1.376387,0.602300,0.774087,11.8
pherc1451-native-teacher-synthetic-l2-00132,0.479881,0.115332,0.227273,0.000000,nan,0.694454,0.577779,2.435889,1.404323,1.031566,12.9
pherc1451-native-teacher-synthetic-l2-00133,0.588828,0.110000,0.000000,0.000000,0.333333,0.879791,0.708289,1.372845,0.169509,1.203336,11.5
pherc1451-native-teacher-synthetic-l2-00134,0.696763,0.451078,0.888889,0.000000,nan,0.911659,0.692455,1.480454,0.661408,0.819046,13.0
pherc1451-native-teacher-synthetic-l2-00135,0.864384,1.000000,1.000000,nan,nan,0.988872,0.623654,2.011509,1.045608,0.965901,12.9
pherc1451-native-teacher-synthetic-l2-00136,0.689064,0.439801,0.866667,0.000000,nan,0.930405,0.661378,1.706647,0.783834,0.922813,11.7
pherc1451-native-teacher-synthetic-l2-00137,0.710992,0.451078,0.888889,0.000000,nan,0.981979,0.662788,1.695929,0.815632,0.880297,11.7
pherc1451-native-teacher-synthetic-l2-00138,0.636848,0.338308,0.666667,0.000000,nan,0.959968,0.569618,2.518537,1.339420,1.179117,13.2
pherc1451-native-teacher-synthetic-l2-00139,0.501892,0.033831,0.066667,0.000000,nan,0.763993,0.640987,1.866978,1.309543,0.557434,11.5
pherc1451-native-teacher-synthetic-l2-00140,0.659553,0.304478,0.600000,0.000000,nan,0.962514,0.660941,1.709981,0.736099,0.973881,12.5
pherc1451-native-teacher-synthetic-l2-00141,0.600694,0.273249,0.538462,0.000000,nan,0.839607,0.642448,1.855158,0.871753,0.983405,12.2
pherc1451-native-teacher-synthetic-l2-00142,0.680175,0.373920,0.736842,0.000000,nan,0.963213,0.659640,1.719931,0.743513,0.976418,13.3
pherc1451-native-teacher-synthetic-l2-00143,0.925291,1.000000,nan,nan,nan,1.000000,0.786545,0.904612,0.330862,0.573750,11.5
pherc1451-native-teacher-synthetic-l2-00144,0.697039,0.461330,0.909091,0.000000,nan,0.935605,0.660510,1.713270,0.851048,0.862222,12.6
pherc1451-native-teacher-synthetic-l2-00145,0.696425,0.444444,0.444444,nan,nan,0.928922,0.679910,1.569275,0.567633,1.001643,12.1
pherc1451-native-teacher-synthetic-l2-00146,0.669060,0.434968,0.857143,0.000000,nan,0.935970,0.602801,2.196411,1.030660,1.165751,12.6
pherc1451-native-teacher-synthetic-l2-00147,0.656927,0.358209,0.705882,0.000000,nan,0.936859,0.633038,1.932276,0.895446,1.036830,11.9
pherc1451-native-teacher-synthetic-l2-00148,0.884025,1.000000,1.000000,nan,nan,0.994545,0.674098,1.611548,0.759637,0.851911,12.8
pherc1451-native-teacher-synthetic-l2-00149,0.687288,0.436747,0.765957,0.097561,nan,0.959387,0.629939,1.958185,1.093134,0.865050,11.8
pherc1451-native-teacher-synthetic-l2-00150,0.707521,0.599147,0.857143,0.333333,nan,0.867037,0.640896,1.867721,0.874789,0.992931,14.2
pherc1451-native-teacher-synthetic-l2-00151,0.576463,0.276798,0.545455,0.000000,nan,0.830630,0.579150,2.422225,1.475443,0.946781,12.4
pherc1451-native-teacher-synthetic-l2-00152,0.554278,0.298507,0.588235,0.000000,nan,0.657443,0.670345,1.639230,0.482306,1.156924,12.5
pherc1451-native-teacher-synthetic-l2-00153,0.649220,0.338308,0.666667,0.000000,nan,0.897736,0.667200,1.662668,0.769413,0.893255,12.1
pherc1451-native-teacher-synthetic-l2-00154,0.730011,0.500000,0.500000,nan,nan,0.954521,0.702654,1.410586,0.479738,0.930848,13.1
pherc1451-native-teacher-synthetic-l2-00155,0.685049,0.405970,0.800000,0.000000,nan,0.938704,0.670605,1.637304,0.838319,0.798985,13.0
pherc1451-native-teacher-synthetic-l2-00156,0.549283,0.101493,0.200000,0.000000,nan,0.865938,0.616448,2.073992,0.818114,1.255878,14.6
pherc1451-native-teacher-synthetic-l2-00157,0.646814,0.390356,0.769231,0.000000,nan,0.932753,0.580696,2.406904,1.015510,1.391394,13.2
pherc1451-native-teacher-synthetic-l2-00158,0.674009,0.338308,0.666667,0.000000,nan,0.951952,0.683810,1.541316,0.685718,0.855598,14.1
pherc1451-native-teacher-synthetic-l2-00159,0.820315,0.800000,0.800000,nan,nan,0.995075,0.662967,1.694567,0.797080,0.897487,14.4
pherc1451-native-teacher-synthetic-l2-00160,0.712092,0.444444,0.444444,nan,nan,0.954338,0.699258,1.433622,0.524218,0.909405,13.1
pherc1451-native-teacher-synthetic-l2-00161,0.876741,1.000000,1.000000,nan,nan,0.996990,0.650842,1.788233,0.837826,0.950408,12.3
pherc1451-native-teacher-synthetic-l2-00162,0.610683,0.285714,0.285714,nan,nan,0.823473,0.676437,1.594449,0.945303,0.649146,14.0
pherc1451-native-teacher-synthetic-l2-00163,0.588907,0.126866,0.250000,0.000000,nan,0.935614,0.638234,1.889409,0.687317,1.202092,13.1
pherc1451-native-teacher-synthetic-l2-00164,0.621165,0.264763,0.521739,0.000000,nan,0.945030,0.602786,2.196546,1.032166,1.164381,14.7
pherc1451-native-teacher-synthetic-l2-00165,0.722092,0.500000,0.500000,nan,nan,0.947706,0.686843,1.519788,0.566375,0.953413,14.4
pherc1451-native-teacher-synthetic-l2-00166,0.687197,0.400000,0.400000,nan,nan,0.940635,0.679928,1.569144,0.592471,0.976673,14.1
pherc1451-native-teacher-synthetic-l2-00167,0.586291,0.253731,0.500000,0.000000,nan,0.792125,0.665508,1.675370,0.812630,0.862740,13.2
pherc1451-native-teacher-synthetic-l2-00168,0.891945,1.000000,1.000000,nan,nan,0.999673,0.691597,1.486427,0.667698,0.818729,14.3
pherc1451-native-teacher-synthetic-l2-00169,0.847792,0.947368,0.947368,nan,nan,0.995075,0.615158,2.085325,1.110427,0.974898,14.5
pherc1451-native-teacher-synthetic-l2-00170,0.556651,0.322931,0.636364,0.000000,nan,0.772637,0.540996,2.828140,1.624750,1.203390,14.1
pherc1451-native-teacher-synthetic-l2-00171,0.642999,0.338308,0.666667,0.000000,nan,0.780508,0.766654,1.014566,0.261287,0.753280,12.7
pherc1451-native-teacher-synthetic-l2-00172,0.654048,0.317164,0.625000,0.000000,nan,0.938792,0.658062,1.732044,0.863965,0.868079,14.5
pherc1451-native-teacher-synthetic-l2-00173,0.658496,0.270647,0.533333,0.000000,nan,0.951552,0.697881,1.443027,0.632462,0.810565,14.2
pherc1451-native-teacher-synthetic-l2-00175,0.763273,0.500000,0.500000,nan,nan,1.000000,0.752209,1.098062,0.383882,0.714180,11.7
pherc1451-native-teacher-synthetic-l2-00176,0.655326,0.362473,0.714286,0.000000,nan,0.928646,0.633022,1.932413,0.860026,1.072386,14.0
pherc1451-native-teacher-synthetic-l2-00177,0.699853,0.507463,1.000000,0.000000,nan,0.951413,0.613199,2.102644,1.101627,1.001017,13.8
pherc1451-native-teacher-synthetic-l2-00178,0.501275,0.000000,0.000000,0.000000,nan,0.804769,0.627444,1.979223,1.099648,0.879574,13.8
pherc1451-native-teacher-synthetic-l2-00179,0.641905,0.427337,0.842105,0.000000,nan,0.879875,0.587850,2.337049,0.991398,1.345651,14.1
pherc1451-native-teacher-synthetic-l2-00180,0.799280,0.779436,0.888889,0.666667,nan,0.973737,0.641831,1.860143,0.968738,0.891405,13.8
pherc1451-native-teacher-synthetic-l2-00181,0.931249,1.000000,1.000000,nan,nan,0.991882,0.811685,0.773348,0.218524,0.554824,11.5
pherc1451-native-teacher-synthetic-l2-00184,0.620747,0.253731,0.500000,0.000000,nan,0.900481,0.655598,1.751081,0.930147,0.820934,13.7
pherc1451-native-teacher-synthetic-l2-00185,0.659320,0.373920,0.736842,0.000000,nan,0.982838,0.580431,2.409522,1.255147,1.154375,11.6
pherc1451-native-teacher-synthetic-l2-00186,0.911431,1.000000,1.000000,nan,nan,0.996713,0.750234,1.109728,0.164355,0.945372,11.8
pherc1451-native-teacher-synthetic-l2-00187,0.667872,0.369064,0.727273,0.000000,nan,0.949096,0.642768,1.852572,0.991063,0.861510,13.2
pherc1451-native-teacher-synthetic-l2-00188,0.726832,0.500000,0.500000,nan,nan,0.950460,0.697633,1.444730,0.527268,0.917462,13.6
pherc1451-native-teacher-synthetic-l2-00189,0.686212,0.422886,0.833333,0.000000,nan,0.950638,0.647494,1.814718,0.966121,0.848596,11.5
pherc1451-native-teacher-synthetic-l2-00190,0.685163,0.516418,0.823529,0.200000,nan,0.911481,0.603485,2.190143,1.121044,1.069099,14.0
pherc1451-native-teacher-synthetic-l2-00191,0.741597,0.507463,1.000000,0.000000,nan,0.988920,0.694962,1.463092,0.633731,0.829361,11.7
pherc1451-native-teacher-synthetic-l2-00192,0.692411,0.434968,0.857143,0.000000,nan,0.938068,0.667418,1.661037,0.841817,0.819220,10.9
pherc1451-native-teacher-synthetic-l2-00193,0.727798,0.587065,0.833333,0.333333,nan,0.962560,0.613664,2.098517,0.992663,1.105854,11.5
pherc1451-native-teacher-synthetic-l2-00194,0.537488,0.179104,0.352941,0.000000,nan,0.741336,0.640825,1.868293,1.016340,0.851953,13.5
pherc1451-native-teacher-synthetic-l2-00195,0.557481,0.202985,0.400000,0.000000,nan,0.791790,0.627026,1.982767,0.754565,1.228203,11.5
pherc1451-native-teacher-synthetic-l2-00196,0.518387,0.084577,0.166667,0.000000,nan,0.762895,0.645716,1.828897,1.082789,0.746108,11.1
pherc1451-native-teacher-synthetic-l2-00198,0.724637,0.465174,0.916667,0.000000,nan,0.997747,0.673925,1.612813,0.728317,0.884496,11.2
pherc1451-native-teacher-synthetic-l2-00199,0.813828,0.800000,0.800000,nan,nan,0.947144,0.692364,1.481092,0.754491,0.726601,13.5
pherc1451-native-teacher-synthetic-l2-00200,0.484051,0.000000,0.000000,0.000000,nan,0.754483,0.628521,1.970124,1.269709,0.700416,11.4
pherc1451-native-teacher-synthetic-l2-00201,0.590494,0.253731,0.500000,0.000000,nan,0.823164,0.646479,1.822805,0.994412,0.828392,11.2
pherc1451-native-teacher-synthetic-l2-00202,0.841928,0.800000,0.800000,nan,nan,0.962263,0.757533,1.066917,0.283425,0.783492,11.6
pherc1451-native-teacher-synthetic-l2-00203,0.565521,0.225539,0.444444,0.000000,nan,0.758824,0.663630,1.689546,0.758436,0.931109,11.4
pherc1451-native-teacher-synthetic-l2-00204,0.656733,0.410493,0.636364,0.177778,nan,0.934894,0.589634,2.319894,1.097638,1.222255,11.1
pherc1451-native-teacher-synthetic-l2-00205,0.589445,0.276798,0.545455,0.000000,nan,0.806634,0.640238,1.873065,1.080932,0.792133,11.8
pherc1451-native-teacher-synthetic-l2-00206,0.616610,0.234214,0.461538,0.000000,nan,0.934362,0.626625,1.986166,0.991548,0.994618,11.0
pherc1451-native-teacher-synthetic-l2-00207,0.642990,0.325217,0.956522,0.000000,0.000000,0.924479,0.633879,1.925298,1.025491,0.899806,10.7
pherc1451-native-teacher-synthetic-l2-00208,0.669228,0.380597,0.750000,0.000000,nan,0.912503,0.673351,1.617034,0.791723,0.825311,11.3
pherc1451-native-teacher-synthetic-l2-00209,0.638820,0.373920,0.736842,0.000000,nan,0.889511,0.615186,2.085081,0.995752,1.089329,11.1
pherc1451-native-teacher-synthetic-l2-00210,0.578851,0.241649,0.476190,0.000000,nan,0.844210,0.602523,2.198956,1.249114,0.949842,11.2
pherc1451-native-teacher-synthetic-l2-00211,0.574965,0.317164,0.625000,0.000000,nan,0.735273,0.635630,1.910804,1.068467,0.842337,11.3
pherc1451-native-teacher-synthetic-l2-00212,0.598281,0.176509,0.347826,0.000000,nan,0.880202,0.677878,1.583973,0.726684,0.857289,11.2
pherc1451-native-teacher-synthetic-l2-00213,0.757674,0.714286,0.714286,nan,nan,0.939043,0.613496,2.100008,0.973280,1.126728,11.2
pherc1451-native-teacher-synthetic-l2-00215,0.817200,0.900000,0.900000,nan,nan,0.890164,0.673266,1.617660,0.725341,0.892320,11.4
pherc1451-native-teacher-synthetic-l2-00216,0.622715,0.169154,0.333333,0.000000,nan,0.946513,0.687682,1.513867,0.717786,0.796080,10.8
pherc1451-native-teacher-synthetic-l2-00217,0.614550,0.338308,0.666667,0.000000,nan,0.811664,0.654215,1.761828,0.640101,1.121727,11.1
pherc1451-native-teacher-synthetic-l2-00218,0.748501,0.507463,1.000000,0.000000,nan,0.988670,0.714935,1.329095,0.582852,0.746243,11.1
pherc1451-native-teacher-synthetic-l2-00219,0.418545,0.000000,0.000000,0.000000,nan,0.344128,0.851715,0.580339,0.287273,0.293067,11.2
pherc1451-native-teacher-synthetic-l2-00220,0.621254,0.400000,0.400000,nan,nan,0.763733,0.668422,1.653538,1.053162,0.600376,11.0
pherc1451-native-teacher-synthetic-l2-00221,0.704340,0.507463,1.000000,0.000000,nan,0.967999,0.609433,2.136229,1.032470,1.103759,11.4
pherc1451-native-teacher-synthetic-l2-00222,0.785143,0.666667,0.666667,nan,nan,0.952746,0.719092,1.302141,0.466396,0.835745,10.8
pherc1451-native-teacher-synthetic-l2-00223,0.660380,0.422886,0.833333,0.000000,nan,0.920039,0.604289,2.182791,0.992514,1.190277,11.1
pherc1451-native-teacher-synthetic-l2-00224,0.663619,0.397145,0.782609,0.000000,nan,0.947577,0.608066,2.148524,1.201394,0.947130,11.1
pherc1451-native-teacher-synthetic-l2-00225,0.528683,0.000000,0.000000,nan,nan,0.730176,0.780345,0.938279,0.631558,0.306721,11.2
pherc1451-native-teacher-synthetic-l2-00226,0.628854,0.422886,0.833333,0.000000,nan,0.841337,0.592917,2.288591,1.388375,0.900217,11.3
pherc1451-native-teacher-synthetic-l2-00227,0.522037,0.156142,0.307692,0.000000,nan,0.776000,0.581698,2.397014,0.635037,1.761977,10.7
pherc1451-native-teacher-synthetic-l2-00228,0.694440,0.485399,0.956522,0.000000,nan,0.964602,0.603455,2.190415,1.056609,1.133806,10.9
pherc1451-native-teacher-synthetic-l2-00229,0.709978,0.451078,0.888889,0.000000,nan,0.981181,0.660688,1.711909,0.820064,0.891845,11.2
pherc1451-native-teacher-synthetic-l2-00230,0.580782,0.369064,0.727273,0.000000,nan,0.691015,0.652022,1.778970,0.851168,0.927801,10.8
pherc1451-native-teacher-synthetic-l2-00231,0.646216,0.405970,0.800000,0.000000,nan,0.907604,0.590752,2.309193,1.242733,1.066460,11.0
pherc1451-native-teacher-synthetic-l2-00232,0.676608,0.333333,0.333333,nan,nan,0.958025,0.689428,1.501593,0.593417,0.908177,11.2
pherc1451-native-teacher-synthetic-l2-00233,0.650459,0.417910,0.823529,0.000000,nan,0.892625,0.607621,2.152542,1.142271,1.010271,11.1
pherc1451-native-teacher-synthetic-l2-00234,0.652248,0.358209,0.705882,0.000000,nan,0.954225,0.602305,2.200964,1.033943,1.167021,11.2
pherc1451-native-teacher-synthetic-l2-00235,0.925725,1.000000,nan,nan,nan,1.000000,0.787786,0.897935,0.365027,0.532909,10.8
pherc1451-native-teacher-synthetic-l2-00236,0.561514,0.338308,0.666667,0.000000,nan,0.759712,0.554636,2.676619,1.498435,1.178184,10.7
pherc1451-native-teacher-synthetic-l2-00237,0.914501,1.000000,nan,nan,nan,0.999957,0.755761,1.077232,0.451940,0.625291,11.2
pherc1451-native-teacher-synthetic-l2-00238,0.549881,0.238806,0.470588,0.000000,nan,0.756405,0.609993,2.131213,1.111040,1.020174,11.1
pherc1451-native-teacher-synthetic-l2-00239,0.716406,0.436816,0.666667,0.200000,nan,0.965612,0.706849,1.382433,0.573908,0.808524,10.6
pherc1451-native-teacher-synthetic-l2-00240,0.512739,0.154819,0.305085,0.000000,nan,0.772811,0.559455,2.624850,1.515573,1.109276,11.1
pherc1451-native-teacher-synthetic-l2-00241,0.781638,0.666667,0.666667,nan,nan,0.908477,0.753347,1.091365,0.520172,0.571193,10.8
pherc1451-native-teacher-synthetic-l2-00242,0.665482,0.304478,0.600000,0.000000,nan,0.946173,0.694224,1.468194,0.720275,0.747919,10.8
pherc1451-native-teacher-synthetic-l2-00243,0.532250,0.119403,0.235294,0.000000,nan,0.817102,0.601267,2.210514,1.370925,0.839589,10.4
pherc1451-native-teacher-synthetic-l2-00244,0.688172,0.422886,0.833333,0.000000,nan,0.960948,0.642786,1.852427,0.968428,0.883999,10.9
pherc1451-native-teacher-synthetic-l2-00245,0.705191,0.405970,0.800000,0.000000,nan,0.955567,0.711289,1.352992,0.579474,0.773518,10.9
pherc1451-native-teacher-synthetic-l2-00246,0.685400,0.380597,0.750000,0.000000,nan,0.976131,0.655928,1.748523,0.826004,0.922518,10.7
pherc1451-native-teacher-synthetic-l2-00247,0.827526,0.909091,0.909091,nan,nan,0.985279,0.599861,2.223512,1.132452,1.091060,11.0
pherc1451-native-teacher-synthetic-l2-00248,0.720274,0.507463,1.000000,0.000000,nan,0.988660,0.634298,1.921816,0.937953,0.983863,10.5
pherc1451-native-teacher-synthetic-l2-00249,0.581004,0.296020,0.583333,0.000000,nan,0.875894,0.530387,2.951385,1.703634,1.247751,11.1
pherc1451-native-teacher-synthetic-l2-00250,0.606638,0.238806,0.470588,0.000000,nan,0.944351,0.584209,2.372383,1.104898,1.267485,10.3
pherc1451-native-teacher-synthetic-l2-00251,0.674138,0.369064,0.727273,0.000000,nan,0.954132,0.655636,1.750788,0.660226,1.090562,8.3
pherc1451-native-teacher-synthetic-l2-00252,0.571985,0.242222,0.388889,0.000000,0.333333,0.839540,0.587085,2.344437,1.324432,1.020005,10.4
pherc1451-native-teacher-synthetic-l2-00253,0.888982,1.000000,1.000000,nan,nan,0.999196,0.683609,1.542750,0.685522,0.857228,10.5
pherc1451-native-teacher-synthetic-l2-00254,0.651054,0.312285,0.615385,0.000000,nan,0.948938,0.643542,1.846330,0.842711,1.003619,10.8
pherc1451-native-teacher-synthetic-l2-00255,0.356440,0.000000,0.000000,0.000000,nan,0.150925,0.867477,0.509230,0.209461,0.299769,9.9
